Car_ID,Company,Model,Body_Type,Manufacturing_Year,Fuel_Type,Transmission,Engine_CC,Mileage_or_Range,Color,Dealer_City,Sales_Date,Salesperson,Customer_Type,Payment_Mode,Quantity_Sold,Unit_Price,Discount,Total_Sales,Total_Cost,Operating_Expense,Net_Profit,Warranty_Years
CAR0001,Maruti Suzuki,Swift,Hatchback,2023,CNG,Manual,1197,21.7,Grey,Thiruvananthapuram,2026-07-13,Adarsh,Fleet,Cash,1,1125000,13800,1111200,617100,24400,469700,3
CAR0002,Honda,Amaze,Sedan,2024,CNG,Manual,1199,19.3,Black,Delhi,2026-03-09,Neha,Corporate,Cash,3,1126000,28200,3293400,1981800,59500,1252100,4
CAR0003,Skoda,Slavia,Sedan,2024,Petrol,Manual,1498,19.5,Red,Thiruvananthapuram,2026-07-20,Sneha,Fleet,Cash,3,1954000,104100,5549700,2770800,179400,2599500,2
CAR0004,Tata,Nexon,SUV,2026,Diesel,Automatic,1199,18.2,Silver,Chennai,2026-01-09,Adarsh,Fleet,Cash,2,1438000,35500,2805000,1450000,120900,1234100,3
CAR0005,Hyundai,Verna,Sedan,2024,Electric,Manual,0,331.0,Grey,Kannur,2025-02-27,Meera,Fleet,Finance,2,1741000,115500,3251000,1666200,55200,1529600,3
CAR0006,Honda,City,Sedan,2026,Electric,Manual,0,292.9,Black,Delhi,2026-07-29,Arun,Individual,UPI,3,1776000,71000,5115000,2695500,132300,2287200,2
CAR0007,Maruti Suzuki,Swift,Hatchback,2024,Diesel,Automatic,1197,23.2,Blue,Thiruvananthapuram,2026-01-30,Neha,Individual,Cash,4,1126000,48200,4311200,2509200,136200,1665800,4
CAR0008,Maruti Suzuki,Swift,Hatchback,2024,Diesel,Automatic,1197,22.3,Blue,Coimbatore,2025-07-02,Adarsh,Individual,Finance,1,1168000,36100,1131900,652500,37700,441700,3
CAR0009,Kia,Seltos,SUV,2026,CNG,Manual,1497,17.7,Silver,Mangaluru,2025-11-11,Rahul,Corporate,Cash,2,1801000,128700,3344600,1966000,58800,1319800,3
CAR0010,Mahindra,XUV700,SUV,2026,Diesel,Automatic,1997,14.6,Black,Hyderabad,2025-07-25,Sneha,Corporate,Cash,3,2689000,153300,7607100,4398000,319400,2889700,3
CAR0011,Toyota,Camry,Sedan,2024,Diesel,Manual,2487,19.3,White,Delhi,2025-03-02,Adarsh,Corporate,UPI,2,4557000,55600,9002800,4865200,273900,3863700,3
CAR0012,Maruti Suzuki,Baleno,Hatchback,2025,Electric,Automatic,0,322.9,Red,Thrissur,2025-04-07,Akhil,Individual,Cash,1,1187000,41300,1145700,686800,46900,412000,2
CAR0013,Tata,Punch,SUV,2026,Petrol,Manual,1199,18.3,Blue,Chennai,2025-05-24,Adarsh,Fleet,Cash,4,1014000,43000,3884000,2671200,67000,1145800,2
CAR0014,Toyota,Innova Crysta,SUV,2026,Diesel,Automatic,2398,15.4,Red,Thrissur,2026-02-15,Adarsh,Corporate,Finance,1,3756000,38100,3717900,2545500,159100,1013300,5
CAR0015,Mahindra,XUV700,SUV,2024,CNG,Manual,1997,14.5,Blue,Delhi,2026-07-10,Adarsh,Fleet,Bank Transfer,1,2821000,39500,2781500,1497600,83700,1200200,2
CAR0016,Toyota,Camry,Sedan,2026,Petrol,Manual,2487,19.3,Red,Thiruvananthapuram,2026-08-07,Sneha,Fleet,Finance,2,4901000,62600,9676800,4741000,336000,4599800,4
CAR0017,Tata,Punch,SUV,2024,Electric,Automatic,0,289.3,Red,Kannur,2025-03-16,Neha,Individual,Finance,1,1054000,84200,969800,675700,16700,277400,3
CAR0018,Toyota,Camry,Sedan,2026,CNG,Automatic,2487,18.6,Blue,Delhi,2025-11-06,Anjali,Individual,Finance,1,4961000,242200,4718800,2582900,85400,2050500,2
CAR0019,Kia,Sonet,SUV,2024,CNG,Automatic,1197,18.4,Black,Pune,2025-09-28,Neha,Corporate,Cash,4,1414000,104000,5240000,2646400,178300,2415300,2
CAR0020,Maruti Suzuki,Baleno,Hatchback,2025,CNG,Automatic,1197,22.0,Blue,Delhi,2026-03-14,Akhil,Individual,Finance,1,1099000,83700,1015300,706400,19800,289100,3
CAR0021,Maruti Suzuki,Baleno,Hatchback,2023,CNG,Manual,1197,24.0,Silver,Thrissur,2025-09-13,Rahul,Fleet,Bank Transfer,1,1138000,56000,1082000,719200,47800,315000,3
CAR0022,Maruti Suzuki,Brezza,SUV,2026,Petrol,Automatic,1462,19.0,Red,Coimbatore,2025-09-12,Meera,Corporate,Bank Transfer,3,1492000,88200,4211400,2494500,68100,1648800,3
CAR0023,Tata,Harrier,SUV,2024,Diesel,Manual,1956,16.2,Red,Kannur,2025-10-13,Anjali,Fleet,Finance,1,2581000,76200,2504800,1405800,67600,1031400,2
CAR0024,Hyundai,i20,Hatchback,2024,CNG,Automatic,1197,18.9,Silver,Delhi,2025-11-18,Arun,Corporate,Cash,4,1230000,56300,4694800,2740000,151600,1803200,5
CAR0025,Kia,Seltos,SUV,2026,Diesel,Manual,1497,17.4,Grey,Kannur,2026-10-01,Akhil,Fleet,UPI,3,1962000,36700,5775900,2935500,174500,2665900,4
CAR0026,Tata,Nexon,SUV,2025,Diesel,Automatic,1199,17.2,Grey,Delhi,2025-06-28,Meera,Fleet,Finance,3,1445000,98800,4038600,2183400,86000,1769200,5
CAR0027,Mahindra,Thar,SUV,2025,Electric,Manual,0,488.1,Grey,Thiruvananthapuram,2025-10-18,Arun,Individual,Bank Transfer,3,2001000,153400,5542800,3468600,134800,1939400,2
CAR0028,Hyundai,Verna,Sedan,2026,Petrol,Manual,1497,19.5,Grey,Delhi,2026-01-29,Rahul,Individual,UPI,4,1643000,33400,6438400,3429600,269000,2739800,3
CAR0029,Kia,Seltos,SUV,2025,Diesel,Manual,1497,18.6,Red,Kozhikode,2026-04-21,Rahul,Fleet,UPI,3,2039000,147600,5674200,2853600,207600,2613000,5
CAR0030,Mahindra,XUV700,SUV,2025,Diesel,Automatic,1997,15.6,Blue,Chennai,2025-09-02,Rahul,Fleet,Cash,3,2704000,162100,7625700,4335600,191200,3098900,3
CAR0031,Hyundai,Verna,Sedan,2025,Diesel,Manual,1497,20.1,Red,Bengaluru,2025-12-05,Meera,Fleet,Cash,4,1647000,40300,6426800,3338800,270900,2817100,5
CAR0032,Toyota,Innova Crysta,SUV,2026,CNG,Automatic,2398,16.5,Blue,Delhi,2026-07-14,Meera,Fleet,UPI,2,3933000,114500,7637000,5140600,203600,2292800,3
CAR0033,Maruti Suzuki,Baleno,Hatchback,2026,Petrol,Manual,1197,24.0,White,Pune,2026-03-15,Akhil,Corporate,Finance,2,1221000,27700,2386600,1352400,59200,975000,4
CAR0034,Hyundai,i20,Hatchback,2026,Electric,Manual,0,325.7,Red,Kochi,2026-07-07,Sneha,Fleet,Cash,1,1296000,44700,1251300,703500,48100,499700,2
CAR0035,Hyundai,Creta,SUV,2026,Diesel,Automatic,1497,17.4,Grey,Thiruvananthapuram,2026-08-01,Vishnu,Fleet,Cash,2,1910000,53400,3713200,1953800,123200,1636200,3
CAR0036,Maruti Suzuki,Swift,Hatchback,2025,CNG,Automatic,1197,22.6,Red,Delhi,2025-07-23,Neha,Corporate,Cash,1,1125000,76700,1048300,626800,37700,383800,2
CAR0037,Kia,Sonet,SUV,2025,CNG,Automatic,1197,17.3,White,Mangaluru,2026-03-07,Rahul,Fleet,Bank Transfer,4,1384000,106900,5108400,2810000,203600,2094800,5
CAR0038,Kia,Seltos,SUV,2026,CNG,Automatic,1497,17.9,Red,Bengaluru,2026-08-30,Priya,Corporate,Bank Transfer,3,1872000,50900,5463300,2945400,127700,2390200,5
CAR0039,Skoda,Slavia,Sedan,2025,CNG,Automatic,1498,17.9,Black,Chennai,2025-08-06,Anjali,Corporate,Cash,3,1946000,65800,5640600,2775600,203300,2661700,3
CAR0040,Hyundai,Verna,Sedan,2025,Electric,Manual,0,416.6,Grey,Chennai,2026-05-18,Adarsh,Corporate,Finance,4,1734000,28600,6821600,3271200,243900,3306500,5
CAR0041,Kia,Seltos,SUV,2024,CNG,Automatic,1497,17.4,Silver,Kollam,2025-09-15,Sneha,Fleet,Bank Transfer,2,1818000,42700,3550600,1808800,110300,1631500,3
CAR0042,Mahindra,XUV700,SUV,2024,CNG,Manual,1997,15.9,Silver,Thrissur,2026-01-05,Meera,Individual,Finance,2,2652000,158000,4988000,2858000,81600,2048400,3
CAR0043,Maruti Suzuki,Swift,Hatchback,2026,CNG,Automatic,1197,22.3,Silver,Kozhikode,2025-02-22,Rahul,Individual,Cash,3,1179000,51200,3383400,1993200,91400,1298800,3
CAR0044,Volkswagen,Virtus,Sedan,2026,Petrol,Manual,1498,19.1,Blue,Coimbatore,2026-03-03,Priya,Fleet,UPI,2,1887000,69100,3635800,1958600,87000,1590200,4
CAR0045,Skoda,Slavia,Sedan,2023,Petrol,Manual,1498,20.0,Grey,Thrissur,2025-09-28,Arun,Corporate,UPI,1,1780000,39500,1740500,852800,26200,861500,4
CAR0046,Hyundai,Verna,Sedan,2024,CNG,Automatic,1497,20.1,White,Pune,2025-08-28,Rahul,Corporate,Cash,3,1733000,93200,4919400,2565600,211600,2142200,3
CAR0047,Hyundai,i20,Hatchback,2026,Petrol,Automatic,1197,18.9,Blue,Delhi,2026-08-06,Anjali,Corporate,UPI,3,1202000,51500,3451500,2037900,93500,1320100,5
CAR0048,Skoda,Slavia,Sedan,2023,Electric,Automatic,0,470.4,White,Thiruvananthapuram,2025-08-23,Vishnu,Individual,UPI,1,1998000,114000,1884000,870300,30500,983200,5
CAR0049,Maruti Suzuki,Brezza,SUV,2026,Electric,Automatic,0,440.4,White,Chennai,2025-12-23,Akhil,Fleet,UPI,4,1529000,87000,5768000,3487600,143600,2136800,4
CAR0050,Kia,Sonet,SUV,2023,Petrol,Automatic,1197,17.8,White,Coimbatore,2026-02-18,Arun,Corporate,UPI,1,1497000,71800,1425200,686900,29400,708900,5
CAR0051,Hyundai,Creta,SUV,2024,Diesel,Automatic,1497,18.9,Grey,Chennai,2025-05-05,Anjali,Fleet,Cash,1,2045000,107600,1937400,963900,38300,935200,5
CAR0052,Hyundai,Verna,Sedan,2026,Petrol,Manual,1497,19.5,Grey,Mangaluru,2025-06-07,Meera,Corporate,UPI,4,1766000,53700,6849200,3436000,188100,3225100,3
CAR0053,Kia,Sonet,SUV,2024,Diesel,Manual,1197,19.1,White,Kollam,2026-03-01,Meera,Corporate,UPI,3,1553000,70700,4446900,2146200,104400,2196300,3
CAR0054,Kia,Sonet,SUV,2025,CNG,Automatic,1197,18.3,Red,Kannur,2025-07-13,Akhil,Fleet,UPI,2,1479000,39000,2880000,1424600,47000,1408400,5
CAR0055,Maruti Suzuki,Baleno,Hatchback,2025,Petrol,Automatic,1197,21.9,White,Mangaluru,2026-03-27,Meera,Fleet,Bank Transfer,1,1166000,49000,1117000,708600,30500,377900,2
CAR0056,Hyundai,i20,Hatchback,2024,Electric,Automatic,0,445.0,Grey,Mangaluru,2026-07-01,Sneha,Fleet,Cash,4,1288000,69400,4874400,2880400,144500,1849500,2
CAR0057,Tata,Nexon,SUV,2026,Petrol,Manual,1199,17.3,Grey,Delhi,2025-04-13,Neha,Individual,Finance,4,1397000,43300,5414800,2828800,133900,2452100,4
CAR0058,Honda,Amaze,Sedan,2024,Electric,Manual,0,419.8,Black,Kozhikode,2025-03-22,Vishnu,Corporate,Finance,4,1181000,31700,4597200,2681200,88700,1827300,5
CAR0059,Toyota,Innova Crysta,SUV,2026,Electric,Manual,0,520.4,White,Chennai,2025-12-20,Anjali,Individual,UPI,3,4015000,159400,11566800,7527000,466800,3573000,5
CAR0060,Hyundai,Verna,Sedan,2025,CNG,Automatic,1497,19.8,White,Mangaluru,2026-02-10,Sneha,Fleet,UPI,3,1553000,109600,4330200,2595600,191400,1543200,4
CAR0061,Skoda,Slavia,Sedan,2026,Diesel,Automatic,1498,19.3,Grey,Coimbatore,2025-05-21,Anjali,Fleet,Finance,1,1973000,109000,1864000,873800,52600,937600,3
CAR0062,Tata,Nexon,SUV,2024,Electric,Manual,0,302.7,Blue,Kannur,2026-06-28,Meera,Corporate,Finance,3,1532000,42900,4467300,2300700,131600,2035000,2
CAR0063,Toyota,Camry,Sedan,2024,Diesel,Automatic,2487,19.9,Blue,Kannur,2025-04-03,Neha,Fleet,Finance,4,4521000,215000,17224000,9854800,606000,6763200,5
CAR0064,Maruti Suzuki,Swift,Hatchback,2025,Electric,Automatic,0,257.5,Blue,Thrissur,2025-03-06,Anjali,Individual,Finance,4,1174000,36600,4549600,2550000,87300,1912300,5
CAR0065,Maruti Suzuki,Swift,Hatchback,2024,Diesel,Automatic,1197,22.1,Grey,Delhi,2026-07-08,Arun,Corporate,UPI,4,1124000,68400,4222400,2674400,146300,1401700,4
CAR0066,Tata,Harrier,SUV,2024,Electric,Automatic,0,535.2,White,Pune,2026-01-12,Priya,Corporate,Cash,3,2276000,66700,6627900,4354500,288100,1985300,3
CAR0067,Toyota,Innova Crysta,SUV,2023,CNG,Manual,2398,15.5,Blue,Thrissur,2025-03-12,Rahul,Fleet,Cash,2,3986000,266700,7438600,5009200,284400,2145000,4
CAR0068,Maruti Suzuki,Baleno,Hatchback,2025,Diesel,Manual,1197,21.8,Black,Kochi,2026-01-02,Meera,Corporate,Cash,2,1176000,13100,2325800,1353200,43700,928900,2
CAR0069,Mahindra,Thar,SUV,2026,Petrol,Manual,2184,15.1,Blue,Kochi,2026-06-18,Meera,Corporate,UPI,3,2109000,163400,5836800,3405900,171400,2259500,2
CAR0070,Mahindra,Thar,SUV,2023,Petrol,Manual,2184,14.9,White,Kozhikode,2025-10-09,Adarsh,Corporate,Cash,3,2086000,108100,5933700,3490200,179000,2264500,2
CAR0071,Hyundai,Creta,SUV,2025,Diesel,Automatic,1497,17.8,Red,Bengaluru,2025-04-08,Anjali,Corporate,Cash,3,1900000,107500,5377500,2932200,105300,2340000,2
CAR0072,Toyota,Camry,Sedan,2025,CNG,Manual,2487,19.8,Blue,Hyderabad,2026-07-30,Priya,Corporate,Cash,3,4962000,192300,14309100,7705200,618600,5985300,4
CAR0073,Tata,Nexon,SUV,2025,Diesel,Automatic,1199,16.7,Black,Mangaluru,2025-04-21,Arun,Corporate,Cash,3,1535000,54800,4440600,2286600,143100,2010900,4
CAR0074,Maruti Suzuki,Brezza,SUV,2024,CNG,Automatic,1462,20.8,White,Kozhikode,2025-05-27,Akhil,Fleet,Bank Transfer,4,1472000,91100,5523600,3526400,98100,1899100,5
CAR0075,Mahindra,Thar,SUV,2024,CNG,Automatic,2184,14.9,Blue,Mumbai,2025-03-28,Priya,Corporate,UPI,1,2020000,126900,1893100,1134000,33000,726100,5
CAR0076,Mahindra,Thar,SUV,2025,Diesel,Manual,2184,15.7,Silver,Bengaluru,2025-04-24,Arun,Individual,UPI,3,2173000,112000,6183000,3573600,150000,2459400,2
CAR0077,Hyundai,Creta,SUV,2024,Diesel,Automatic,1497,18.6,Silver,Kannur,2025-05-03,Akhil,Individual,Finance,1,1918000,77000,1841000,952900,57000,831100,2
CAR0078,Toyota,Fortuner,SUV,2025,Electric,Automatic,0,526.3,Blue,Bengaluru,2026-08-11,Neha,Corporate,Bank Transfer,4,5405000,212100,20771600,12179600,324600,8267400,5
CAR0079,Toyota,Camry,Sedan,2025,Petrol,Automatic,2487,18.5,Blue,Thiruvananthapuram,2026-02-10,Neha,Fleet,Cash,3,5013000,127900,14655300,7634400,253400,6767500,3
CAR0080,Tata,Harrier,SUV,2025,Diesel,Manual,1956,16.3,Silver,Thrissur,2025-06-27,Priya,Corporate,UPI,2,2511000,140300,4741400,2681600,181100,1878700,5
CAR0081,Skoda,Slavia,Sedan,2024,CNG,Manual,1498,18.2,Red,Chennai,2025-11-07,Vishnu,Individual,Cash,3,1892000,65500,5479500,2558100,158100,2763300,4
CAR0082,Toyota,Camry,Sedan,2025,Petrol,Automatic,2487,19.4,Red,Mumbai,2026-07-22,Meera,Corporate,Bank Transfer,1,4814000,321000,4493000,2513000,110700,1869300,2
CAR0083,Maruti Suzuki,Swift,Hatchback,2026,CNG,Manual,1197,23.7,Blue,Pune,2025-06-26,Vishnu,Individual,Finance,1,1072000,43600,1028400,639600,31600,357200,4
CAR0084,Honda,City,Sedan,2025,CNG,Manual,1498,18.2,Grey,Pune,2025-12-09,Anjali,Fleet,Bank Transfer,1,1676000,82200,1593800,880800,36000,677000,4
CAR0085,Volkswagen,Virtus,Sedan,2025,CNG,Automatic,1498,17.6,Black,Mumbai,2025-03-28,Adarsh,Fleet,Cash,3,1833000,100900,5196300,2772600,97900,2325800,5
CAR0086,Tata,Harrier,SUV,2023,CNG,Manual,1956,16.2,Silver,Coimbatore,2026-05-13,Priya,Individual,Cash,2,2332000,45800,4572400,2653600,184400,1734400,4
CAR0087,Maruti Suzuki,Baleno,Hatchback,2025,Diesel,Manual,1197,22.0,Grey,Chennai,2025-02-14,Adarsh,Fleet,UPI,4,1140000,68800,4284800,2903600,142800,1238400,3
CAR0088,Hyundai,Verna,Sedan,2024,Electric,Manual,0,521.2,Silver,Pune,2026-08-08,Vishnu,Individual,Bank Transfer,4,1658000,49300,6434800,3326000,198300,2910500,3
CAR0089,Toyota,Fortuner,SUV,2025,CNG,Manual,2755,14.5,Grey,Mangaluru,2026-06-13,Sneha,Individual,UPI,1,5096000,323200,4772800,3095300,201200,1476300,2
CAR0090,Mahindra,Thar,SUV,2026,Petrol,Automatic,2184,15.0,Blue,Kannur,2025-08-30,Rahul,Fleet,Finance,4,2266000,82100,8735600,4525600,375000,3835000,3
CAR0091,Toyota,Fortuner,SUV,2024,Electric,Manual,0,458.8,Grey,Chennai,2026-04-05,Vishnu,Fleet,UPI,1,5547000,62800,5484200,3077000,106900,2300300,2
CAR0092,Hyundai,Verna,Sedan,2024,Petrol,Automatic,1497,19.0,White,Thiruvananthapuram,2026-05-27,Priya,Individual,Finance,1,1697000,85300,1611700,860100,38300,713300,3
CAR0093,Honda,Amaze,Sedan,2024,Petrol,Automatic,1199,18.7,White,Hyderabad,2026-07-12,Anjali,Corporate,Cash,1,1144000,49100,1094900,652300,48600,394000,4
CAR0094,Tata,Harrier,SUV,2024,Petrol,Automatic,1956,17.3,Black,Kochi,2025-12-27,Rahul,Fleet,UPI,3,2529000,56300,7418100,4275300,214700,2928100,3
CAR0095,Toyota,Camry,Sedan,2025,Electric,Manual,0,261.1,White,Coimbatore,2025-07-24,Sneha,Corporate,Finance,1,4724000,149800,4574200,2449600,180500,1944100,2
CAR0096,Tata,Nexon,SUV,2025,Petrol,Automatic,1199,18.2,Silver,Thiruvananthapuram,2026-01-12,Neha,Individual,UPI,4,1544000,95800,5792800,3088400,154100,2550300,5
CAR0097,Kia,Seltos,SUV,2024,Petrol,Manual,1497,18.2,Red,Mumbai,2025-07-04,Meera,Fleet,UPI,3,1871000,29200,5525400,2867400,133700,2524300,3
CAR0098,Tata,Harrier,SUV,2025,CNG,Automatic,1956,17.0,Silver,Pune,2025-02-28,Priya,Individual,Cash,1,2482000,95400,2386600,1387800,89500,909300,3
CAR0099,Mahindra,Thar,SUV,2023,Petrol,Automatic,2184,14.7,Silver,Bengaluru,2026-08-04,Akhil,Individual,Bank Transfer,1,2152000,123800,2028200,1241900,53100,733200,4
CAR0100,Tata,Punch,SUV,2025,Diesel,Manual,1199,19.9,Grey,Kozhikode,2026-05-27,Sneha,Individual,Finance,4,1121000,20500,4402000,2645600,159000,1597400,5
CAR0101,Maruti Suzuki,Swift,Hatchback,2024,Petrol,Automatic,1197,22.3,White,Coimbatore,2025-11-24,Adarsh,Individual,Bank Transfer,3,1143000,55400,3262800,1889700,78300,1294800,4
CAR0102,Hyundai,Verna,Sedan,2024,Diesel,Manual,1497,20.3,Red,Kochi,2026-01-05,Meera,Individual,Finance,3,1659000,130700,4584900,2430000,190400,1964500,5
CAR0103,Kia,Seltos,SUV,2025,Electric,Manual,0,497.0,Black,Kannur,2025-03-17,Akhil,Fleet,Bank Transfer,4,1910000,88300,7286800,3620800,290500,3375500,3
CAR0104,Kia,Seltos,SUV,2026,Petrol,Manual,1497,18.4,Silver,Kozhikode,2025-06-15,Sneha,Corporate,Cash,3,2035000,52500,5947500,2949000,181800,2816700,4
CAR0105,Kia,Sonet,SUV,2024,CNG,Manual,1197,18.4,Blue,Pune,2025-06-22,Anjali,Fleet,Cash,2,1398000,75100,2645800,1442200,66500,1137100,2
CAR0106,Toyota,Fortuner,SUV,2026,CNG,Automatic,2755,14.7,Blue,Pune,2025-02-01,Meera,Individual,UPI,4,5535000,266700,21073200,12853600,507100,7712500,4
CAR0107,Toyota,Camry,Sedan,2025,Diesel,Automatic,2487,19.0,Red,Thrissur,2025-12-15,Adarsh,Corporate,Bank Transfer,2,4722000,284700,8874600,5067000,362300,3445300,4
CAR0108,Kia,Sonet,SUV,2024,Diesel,Automatic,1197,18.1,Red,Thrissur,2025-05-25,Sneha,Individual,Finance,1,1373000,104600,1268400,718500,34900,515000,4
CAR0109,Maruti Suzuki,Brezza,SUV,2025,Electric,Automatic,0,399.6,Red,Kochi,2025-04-03,Priya,Individual,Finance,4,1567000,121700,5781200,3269200,147900,2364100,5
CAR0110,Mahindra,XUV700,SUV,2024,Petrol,Automatic,1997,15.6,Black,Kollam,2026-01-10,Akhil,Fleet,Finance,4,2676000,101800,10296800,5982000,214600,4100200,2
CAR0111,Kia,Seltos,SUV,2025,CNG,Manual,1497,18.4,Black,Thiruvananthapuram,2026-02-08,Arun,Individual,UPI,3,1997000,67400,5788800,2946600,217900,2624300,2
CAR0112,Toyota,Fortuner,SUV,2024,CNG,Automatic,2755,14.9,Black,Mumbai,2026-06-12,Adarsh,Fleet,Finance,2,5127000,271300,9711400,6120000,434300,3157100,4
CAR0113,Kia,Seltos,SUV,2025,CNG,Manual,1497,17.6,Silver,Kannur,2025-04-23,Priya,Individual,UPI,4,1941000,127700,7253200,3847600,258500,3147100,4
CAR0114,Volkswagen,Virtus,Sedan,2024,Petrol,Manual,1498,18.2,Blue,Pune,2026-09-27,Meera,Individual,Bank Transfer,4,1729000,99700,6517200,3584000,283100,2650100,2
CAR0115,Tata,Punch,SUV,2025,Electric,Automatic,0,457.2,Blue,Coimbatore,2026-09-19,Adarsh,Individual,Finance,4,1115000,68600,4185600,2460000,80100,1645500,5
CAR0116,Honda,City,Sedan,2024,Diesel,Automatic,1498,17.7,Blue,Kannur,2025-09-28,Meera,Corporate,Finance,4,1644000,44800,6396800,3584800,139100,2672900,3
CAR0117,Tata,Punch,SUV,2025,CNG,Automatic,1199,18.4,Red,Mangaluru,2025-12-20,Sneha,Corporate,Finance,2,1030000,31000,1998000,1314800,50700,632500,5
CAR0118,Hyundai,Creta,SUV,2026,CNG,Automatic,1497,18.9,Black,Thiruvananthapuram,2026-09-23,Neha,Individual,Cash,2,1850000,105200,3489600,1986200,119100,1384300,5
CAR0119,Mahindra,XUV700,SUV,2024,Diesel,Manual,1997,14.1,Red,Pune,2026-05-03,Adarsh,Individual,Cash,4,2784000,175200,10435200,5812400,245900,4376900,3
CAR0120,Toyota,Fortuner,SUV,2026,Diesel,Manual,2755,14.3,White,Mangaluru,2026-02-11,Priya,Individual,Cash,4,5024000,313600,18841600,13148400,446200,5247000,4
CAR0121,Skoda,Slavia,Sedan,2024,CNG,Automatic,1498,18.5,Black,Mangaluru,2026-06-01,Arun,Fleet,Finance,4,1810000,120600,6757600,3503200,249600,3004800,3
CAR0122,Tata,Punch,SUV,2026,Diesel,Automatic,1199,18.2,Red,Hyderabad,2025-12-02,Akhil,Individual,Cash,1,1046000,17400,1028600,674800,30200,323600,4
CAR0123,Hyundai,Verna,Sedan,2025,CNG,Automatic,1497,20.7,Blue,Delhi,2026-08-10,Akhil,Corporate,Finance,1,1611000,56700,1554300,819100,54500,680700,3
CAR0124,Kia,Seltos,SUV,2026,CNG,Automatic,1497,18.1,Silver,Mumbai,2025-08-15,Adarsh,Corporate,UPI,2,2041000,88700,3904600,1872400,174400,1857800,5
CAR0125,Hyundai,Creta,SUV,2026,Petrol,Automatic,1497,18.1,White,Mumbai,2025-04-25,Anjali,Individual,Finance,1,2006000,146800,1859200,960200,57800,841200,5
CAR0126,Hyundai,Creta,SUV,2025,Electric,Automatic,0,277.3,White,Chennai,2025-05-16,Vishnu,Fleet,Cash,4,1908000,26800,7524800,3944800,295000,3285000,5
CAR0127,Toyota,Innova Crysta,SUV,2025,Petrol,Automatic,2398,15.1,Grey,Thiruvananthapuram,2026-07-09,Akhil,Corporate,Bank Transfer,1,4176000,61900,4114100,2686800,65600,1361700,3
CAR0128,Tata,Harrier,SUV,2026,Electric,Automatic,0,384.6,Red,Thiruvananthapuram,2026-07-07,Arun,Fleet,Bank Transfer,2,2476000,85000,4782000,2682000,148800,1951200,3
CAR0129,Toyota,Innova Crysta,SUV,2026,Electric,Automatic,0,452.0,Blue,Bengaluru,2025-08-24,Priya,Individual,Cash,2,3918000,81700,7672600,4986000,316500,2370100,5
CAR0130,Toyota,Innova Crysta,SUV,2024,Petrol,Manual,2398,15.2,Red,Mumbai,2025-02-19,Sneha,Individual,Bank Transfer,2,4070000,155300,7829400,5009800,168500,2651100,4
CAR0131,Volkswagen,Virtus,Sedan,2024,CNG,Manual,1498,17.4,Grey,Hyderabad,2025-08-15,Arun,Individual,UPI,4,1768000,25200,6971200,3932400,288500,2750300,5
CAR0132,Tata,Harrier,SUV,2026,Electric,Automatic,0,485.7,Grey,Bengaluru,2026-02-23,Meera,Individual,Finance,2,2357000,53900,4606200,2782600,102400,1721200,3
CAR0133,Toyota,Fortuner,SUV,2025,Electric,Manual,0,417.2,Red,Thrissur,2025-09-19,Vishnu,Fleet,Bank Transfer,2,5128000,79700,10096600,6303800,263800,3529000,2
CAR0134,Honda,City,Sedan,2025,Petrol,Manual,1498,18.6,Blue,Delhi,2026-07-27,Anjali,Individual,Bank Transfer,2,1712000,121300,3181400,1752000,139100,1290300,3
CAR0135,Mahindra,XUV700,SUV,2026,Diesel,Manual,1997,14.8,Blue,Kannur,2025-10-17,Meera,Corporate,UPI,4,2714000,150400,10254400,5825200,264500,4164700,2
CAR0136,Tata,Punch,SUV,2026,CNG,Manual,1199,18.5,Blue,Mangaluru,2025-08-15,Neha,Corporate,Bank Transfer,2,989000,48200,1881600,1298000,68900,514700,3
CAR0137,Hyundai,Verna,Sedan,2025,Diesel,Automatic,1497,19.6,Silver,Coimbatore,2026-05-16,Adarsh,Fleet,UPI,4,1657000,101600,6221600,3315600,119400,2786600,3
CAR0138,Toyota,Fortuner,SUV,2025,Petrol,Manual,2755,15.2,White,Bengaluru,2025-05-21,Arun,Individual,UPI,2,4937000,101600,9670800,6156000,277400,3237400,5
CAR0139,Toyota,Innova Crysta,SUV,2025,Electric,Automatic,0,253.6,Blue,Kollam,2025-01-18,Priya,Individual,Bank Transfer,4,4106000,302500,15214000,9887200,272200,5054600,3
CAR0140,Kia,Seltos,SUV,2024,CNG,Automatic,1497,17.2,White,Kannur,2026-02-20,Akhil,Individual,Cash,4,1936000,153600,7129600,3658000,253300,3218300,2
CAR0141,Honda,City,Sedan,2025,Electric,Manual,0,266.8,Grey,Kozhikode,2025-03-26,Sneha,Individual,Cash,4,1799000,99200,6799200,3503200,301300,2994700,3
CAR0142,Volkswagen,Virtus,Sedan,2025,Petrol,Automatic,1498,18.9,Blue,Mumbai,2025-02-03,Vishnu,Fleet,UPI,2,1926000,61700,3728600,1968600,121600,1638400,2
CAR0143,Maruti Suzuki,Brezza,SUV,2025,Electric,Automatic,0,453.1,Red,Coimbatore,2025-05-24,Neha,Individual,Finance,1,1566000,122500,1443500,803600,40600,599300,5
CAR0144,Toyota,Innova Crysta,SUV,2025,Electric,Automatic,0,397.2,Blue,Bengaluru,2026-03-19,Vishnu,Individual,Cash,2,4037000,227100,7619800,4932600,255700,2431500,2
CAR0145,Maruti Suzuki,Baleno,Hatchback,2025,Diesel,Automatic,1197,23.6,Silver,Thiruvananthapuram,2025-04-04,Meera,Individual,Bank Transfer,1,1233000,50700,1182300,711300,21400,449600,5
CAR0146,Kia,Sonet,SUV,2025,Electric,Manual,0,281.0,Silver,Hyderabad,2025-04-06,Akhil,Fleet,Bank Transfer,3,1538000,16700,4563900,2061000,175100,2327800,3
CAR0147,Maruti Suzuki,Brezza,SUV,2024,CNG,Manual,1462,19.2,White,Kozhikode,2026-03-22,Meera,Individual,UPI,3,1548000,68000,4440000,2416500,100100,1923400,3
CAR0148,Maruti Suzuki,Swift,Hatchback,2024,Petrol,Automatic,1197,23.6,Blue,Bengaluru,2025-12-04,Priya,Individual,Finance,4,1086000,72900,4052400,2667600,179200,1205600,4
CAR0149,Hyundai,Creta,SUV,2025,Diesel,Automatic,1497,19.0,Silver,Delhi,2026-05-18,Adarsh,Fleet,Bank Transfer,2,1873000,55500,3635000,2037200,94300,1503500,3
CAR0150,Toyota,Innova Crysta,SUV,2026,Electric,Manual,0,532.9,Red,Coimbatore,2025-10-26,Vishnu,Fleet,Finance,1,4113000,270200,3842800,2550400,115200,1177200,3
CAR0151,Maruti Suzuki,Baleno,Hatchback,2025,Electric,Automatic,0,272.2,Blue,Bengaluru,2026-07-02,Sneha,Fleet,Cash,4,1169000,76400,4370400,2732800,183000,1454600,2
CAR0152,Tata,Harrier,SUV,2024,Petrol,Automatic,1956,16.9,Silver,Coimbatore,2026-03-17,Neha,Fleet,Bank Transfer,1,2260000,63500,2196500,1387500,67100,741900,5
CAR0153,Honda,City,Sedan,2025,Diesel,Manual,1498,17.5,Red,Thiruvananthapuram,2025-10-30,Meera,Corporate,Finance,4,1817000,29100,7151600,3683200,263900,3204500,4
CAR0154,Hyundai,Creta,SUV,2025,CNG,Automatic,1497,17.9,Grey,Delhi,2026-04-09,Sneha,Corporate,Cash,3,1804000,23700,5340900,3033300,83700,2223900,3
CAR0155,Kia,Seltos,SUV,2024,Diesel,Automatic,1497,17.3,Red,Thrissur,2026-02-19,Akhil,Individual,UPI,2,1836000,102800,3466400,1861200,128700,1476500,5
CAR0156,Toyota,Innova Crysta,SUV,2025,Diesel,Manual,2398,15.6,Blue,Thiruvananthapuram,2026-07-04,Priya,Corporate,Finance,2,3866000,92000,7548000,4947200,265100,2335700,5
CAR0157,Honda,City,Sedan,2025,CNG,Automatic,1498,17.5,Blue,Kozhikode,2025-11-01,Akhil,Corporate,Bank Transfer,1,1758000,56100,1701900,867500,31500,802900,5
CAR0158,Skoda,Slavia,Sedan,2024,Electric,Automatic,0,376.9,Grey,Hyderabad,2025-06-27,Meera,Individual,Finance,2,1866000,37000,3658000,1748600,104400,1805000,2
CAR0159,Maruti Suzuki,Baleno,Hatchback,2024,Electric,Automatic,0,539.1,Red,Pune,2026-05-19,Vishnu,Individual,Finance,4,1195000,49100,4583600,2678800,146500,1758300,2
CAR0160,Hyundai,Verna,Sedan,2025,Diesel,Automatic,1497,20.3,Blue,Hyderabad,2025-04-26,Akhil,Individual,UPI,1,1613000,77500,1535500,883200,48000,604300,3
CAR0161,Maruti Suzuki,Swift,Hatchback,2025,Diesel,Manual,1197,21.9,Red,Kollam,2025-12-23,Rahul,Fleet,Finance,1,1102000,87700,1014300,661400,22400,330500,5
CAR0162,Skoda,Slavia,Sedan,2024,Diesel,Manual,1498,19.7,Blue,Kannur,2026-06-30,Rahul,Fleet,Finance,3,1894000,41300,5558100,2802300,132200,2623600,2
CAR0163,Honda,Amaze,Sedan,2026,CNG,Manual,1199,19.4,Grey,Mangaluru,2025-05-16,Priya,Corporate,UPI,2,1105000,36000,2138000,1254200,86200,797600,3
CAR0164,Hyundai,i20,Hatchback,2025,Electric,Manual,0,385.6,Red,Hyderabad,2025-10-12,Neha,Fleet,Cash,3,1204000,53200,3452400,2096100,141800,1214500,5
CAR0165,Toyota,Camry,Sedan,2026,Electric,Automatic,0,315.3,Black,Chennai,2025-10-02,Arun,Corporate,Finance,3,5069000,170500,14695500,7483500,470000,6742000,2
CAR0166,Maruti Suzuki,Swift,Hatchback,2025,Electric,Manual,0,254.9,Red,Chennai,2025-01-01,Neha,Individual,Finance,4,1065000,62000,4012000,2478400,138400,1395200,2
CAR0167,Hyundai,i20,Hatchback,2023,Diesel,Automatic,1197,18.9,Grey,Delhi,2025-08-28,Arun,Individual,Bank Transfer,4,1238000,73400,4658400,2632400,136500,1889500,5
CAR0168,Toyota,Innova Crysta,SUV,2025,Petrol,Automatic,2398,16.9,Grey,Kozhikode,2026-05-05,Akhil,Corporate,Finance,1,3791000,61600,3729400,2653500,67500,1008400,3
CAR0169,Maruti Suzuki,Baleno,Hatchback,2025,Diesel,Manual,1197,21.7,Blue,Pune,2025-06-18,Anjali,Fleet,UPI,4,1138000,28400,4438400,2841600,189100,1407700,3
CAR0170,Maruti Suzuki,Swift,Hatchback,2024,Petrol,Automatic,1197,22.6,Silver,Bengaluru,2025-11-19,Vishnu,Fleet,Finance,2,1072000,59100,2025800,1254200,66900,704700,2
CAR0171,Hyundai,Creta,SUV,2025,Diesel,Automatic,1497,18.5,Grey,Kochi,2025-09-03,Rahul,Individual,Finance,4,1889000,50800,7352800,4015200,126000,3211600,4
CAR0172,Honda,City,Sedan,2026,Electric,Manual,0,359.6,Red,Coimbatore,2025-03-16,Akhil,Corporate,Finance,1,1738000,19100,1718900,865400,73400,780100,5
CAR0173,Honda,City,Sedan,2023,Diesel,Automatic,1498,17.3,White,Hyderabad,2025-07-28,Akhil,Fleet,Cash,2,1726000,64500,3323000,1806200,133000,1383800,4
CAR0174,Hyundai,Verna,Sedan,2023,Petrol,Manual,1497,20.6,Red,Mumbai,2026-09-16,Rahul,Fleet,Bank Transfer,1,1622000,100400,1521600,862000,28300,631300,2
CAR0175,Mahindra,XUV700,SUV,2026,CNG,Manual,1997,14.4,Grey,Coimbatore,2025-10-03,Meera,Individual,Finance,1,2830000,34100,2795900,1531100,64800,1200000,2
CAR0176,Mahindra,Thar,SUV,2025,Petrol,Manual,2184,15.2,Silver,Kozhikode,2025-09-19,Sneha,Individual,Cash,1,2237000,127900,2109100,1141800,78500,888800,2
CAR0177,Toyota,Fortuner,SUV,2025,Electric,Manual,0,526.1,White,Hyderabad,2026-03-06,Adarsh,Individual,Finance,2,5122000,200500,9843000,6477000,227700,3138300,2
CAR0178,Toyota,Fortuner,SUV,2024,Petrol,Manual,2755,15.2,Red,Mangaluru,2025-10-17,Meera,Fleet,Finance,3,5126000,249700,14628900,9031800,307500,5289600,3
CAR0179,Tata,Harrier,SUV,2025,Electric,Manual,0,549.3,Grey,Hyderabad,2025-09-09,Arun,Fleet,Cash,2,2258000,87400,4341200,2697200,110200,1533800,4
CAR0180,Honda,City,Sedan,2026,CNG,Manual,1498,17.0,Red,Chennai,2025-03-03,Meera,Fleet,UPI,2,1767000,29200,3475600,1857800,145700,1472100,4
CAR0181,Toyota,Camry,Sedan,2025,Diesel,Automatic,2487,19.4,White,Mumbai,2026-08-05,Neha,Corporate,UPI,1,4804000,372300,4431700,2409200,101200,1921300,4
CAR0182,Mahindra,Thar,SUV,2024,Petrol,Manual,2184,16.0,Blue,Thiruvananthapuram,2025-06-09,Meera,Individual,UPI,1,2022000,86200,1935800,1176800,60200,698800,4
CAR0183,Hyundai,i20,Hatchback,2026,Petrol,Automatic,1197,19.2,Grey,Delhi,2026-09-10,Vishnu,Corporate,UPI,1,1164000,81400,1082600,668400,39300,374900,2
CAR0184,Hyundai,i20,Hatchback,2026,Diesel,Automatic,1197,18.9,Red,Hyderabad,2026-07-18,Sneha,Individual,Bank Transfer,2,1144000,19600,2248800,1427200,41900,779700,3
CAR0185,Honda,City,Sedan,2025,Petrol,Automatic,1498,18.0,White,Kochi,2025-03-08,Meera,Corporate,Cash,2,1813000,74400,3477200,1715200,146600,1615400,2
CAR0186,Toyota,Fortuner,SUV,2024,Electric,Automatic,0,496.5,Red,Kochi,2026-01-27,Vishnu,Individual,Cash,4,5014000,125500,19554000,12271600,457500,6824900,3
CAR0187,Mahindra,XUV700,SUV,2025,Electric,Automatic,0,268.3,Red,Kozhikode,2026-03-06,Neha,Fleet,Cash,2,2781000,183000,5196000,2894800,232900,2068300,5
CAR0188,Mahindra,XUV700,SUV,2025,Electric,Automatic,0,353.2,Red,Kollam,2025-07-04,Priya,Individual,UPI,1,2659000,67400,2591600,1544400,99400,947800,4
CAR0189,Hyundai,Verna,Sedan,2026,Petrol,Manual,1497,19.0,Silver,Hyderabad,2025-02-27,Priya,Individual,Bank Transfer,2,1684000,132700,3102600,1664000,133600,1305000,3
CAR0190,Tata,Punch,SUV,2026,CNG,Manual,1199,19.8,Grey,Delhi,2025-12-27,Meera,Corporate,Finance,2,1070000,24800,2090400,1350400,86600,653400,3
CAR0191,Toyota,Fortuner,SUV,2023,Diesel,Manual,2755,14.6,Blue,Chennai,2025-01-01,Rahul,Corporate,Cash,3,5556000,133900,16266300,9149400,593900,6523000,2
CAR0192,Volkswagen,Virtus,Sedan,2025,Diesel,Automatic,1498,18.6,White,Kannur,2026-02-10,Rahul,Corporate,UPI,1,1777000,57900,1719100,985700,63600,669800,4
CAR0193,Kia,Sonet,SUV,2025,CNG,Manual,1197,17.6,Red,Kollam,2025-10-29,Priya,Fleet,Cash,2,1399000,14200,2769600,1414200,89100,1266300,3
CAR0194,Tata,Punch,SUV,2026,Diesel,Manual,1199,19.2,Red,Kozhikode,2025-12-06,Arun,Individual,Finance,1,1022000,80500,941500,621900,39100,280500,5
CAR0195,Hyundai,i20,Hatchback,2024,Petrol,Manual,1197,19.6,Grey,Kochi,2025-02-19,Anjali,Corporate,Finance,4,1202000,47300,4618800,2678400,126700,1813700,5
CAR0196,Mahindra,XUV700,SUV,2026,Diesel,Manual,1997,14.4,White,Kollam,2025-01-21,Neha,Individual,Cash,3,2637000,45700,7773900,4383900,323700,3066300,2
CAR0197,Skoda,Slavia,Sedan,2026,Electric,Automatic,0,461.4,Grey,Kozhikode,2026-09-14,Vishnu,Fleet,Finance,4,1780000,30400,6998400,3458000,144900,3395500,4
CAR0198,Hyundai,Verna,Sedan,2023,Electric,Automatic,0,421.5,Black,Kochi,2026-01-05,Sneha,Individual,Cash,1,1650000,50500,1599500,855300,52800,691400,2
CAR0199,Maruti Suzuki,Brezza,SUV,2025,Petrol,Manual,1462,19.7,Silver,Coimbatore,2026-02-12,Neha,Individual,Finance,4,1563000,88000,5900000,3226800,184800,2488400,5
CAR0200,Maruti Suzuki,Brezza,SUV,2025,CNG,Automatic,1462,19.7,Black,Mangaluru,2025-10-03,Adarsh,Fleet,UPI,1,1490000,87500,1402500,807200,49100,546200,3
CAR0201,Toyota,Fortuner,SUV,2026,Electric,Automatic,0,539.7,Blue,Thrissur,2026-05-03,Meera,Fleet,Bank Transfer,3,4945000,361900,13749300,9709800,413300,3626200,2
CAR0202,Maruti Suzuki,Brezza,SUV,2026,Diesel,Manual,1462,20.9,Black,Kochi,2026-03-10,Anjali,Fleet,Finance,1,1671000,67600,1603400,883800,54200,665400,4
CAR0203,Toyota,Camry,Sedan,2025,Electric,Automatic,0,415.6,Blue,Chennai,2025-01-13,Vishnu,Individual,Cash,4,4588000,93900,17976400,9966400,583900,7426100,2
CAR0204,Kia,Sonet,SUV,2026,Electric,Automatic,0,329.2,Blue,Mumbai,2026-04-30,Neha,Corporate,Cash,1,1398000,53400,1344600,701300,47600,595700,5
CAR0205,Hyundai,Verna,Sedan,2023,Electric,Automatic,0,526.3,White,Kannur,2025-11-07,Meera,Individual,Bank Transfer,3,1616000,71800,4632600,2574600,83100,1974900,4
CAR0206,Tata,Punch,SUV,2024,Electric,Manual,0,431.5,Black,Chennai,2025-08-05,Vishnu,Fleet,Bank Transfer,4,1096000,69200,4107200,2669600,162800,1274800,2
CAR0207,Kia,Seltos,SUV,2025,Petrol,Manual,1497,17.0,White,Thrissur,2025-02-03,Arun,Corporate,UPI,4,1799000,63400,6942400,3647600,180900,3113900,2
CAR0208,Hyundai,Verna,Sedan,2025,Electric,Automatic,0,303.3,Blue,Hyderabad,2025-12-25,Arun,Corporate,Cash,3,1589000,115400,4420800,2588100,157700,1675000,5
CAR0209,Maruti Suzuki,Brezza,SUV,2026,Diesel,Manual,1462,20.6,Grey,Thrissur,2025-10-03,Priya,Corporate,Bank Transfer,4,1568000,110600,5829600,3524800,206800,2098000,3
CAR0210,Toyota,Innova Crysta,SUV,2024,CNG,Automatic,2398,16.4,Red,Bengaluru,2025-12-24,Adarsh,Corporate,Cash,4,3804000,162300,14566800,10480400,578700,3507700,2
CAR0211,Tata,Harrier,SUV,2025,CNG,Manual,1956,16.4,Red,Thiruvananthapuram,2025-12-11,Rahul,Fleet,Finance,3,2471000,173700,6891900,4057800,250400,2583700,3
CAR0212,Kia,Seltos,SUV,2026,Petrol,Automatic,1497,18.3,Grey,Kannur,2025-05-24,Neha,Corporate,Cash,1,1960000,156500,1803500,917600,49700,836200,3
CAR0213,Hyundai,Verna,Sedan,2025,Electric,Automatic,0,522.0,Blue,Kollam,2025-06-24,Anjali,Fleet,Bank Transfer,2,1619000,69500,3099000,1724000,113900,1261100,4
CAR0214,Hyundai,Verna,Sedan,2025,CNG,Automatic,1497,19.4,Silver,Kollam,2026-08-23,Sneha,Fleet,Cash,3,1658000,30200,4883400,2410800,166200,2306400,5
CAR0215,Kia,Seltos,SUV,2024,Electric,Automatic,0,409.0,White,Mangaluru,2025-06-04,Rahul,Corporate,Bank Transfer,2,2050000,69700,3960600,1973600,165500,1821500,4
CAR0216,Toyota,Camry,Sedan,2025,Diesel,Manual,2487,18.7,White,Chennai,2025-10-08,Akhil,Individual,Bank Transfer,2,5024000,109500,9829000,5082200,291800,4455000,5
CAR0217,Honda,City,Sedan,2025,Electric,Manual,0,365.0,Blue,Thrissur,2026-01-18,Neha,Individual,Bank Transfer,1,1810000,114000,1696000,893800,26400,775800,3
CAR0218,Tata,Nexon,SUV,2024,Electric,Automatic,0,401.0,Black,Thiruvananthapuram,2025-02-16,Meera,Corporate,Bank Transfer,3,1556000,65200,4472400,2232000,137400,2103000,4
CAR0219,Tata,Harrier,SUV,2026,Diesel,Automatic,1956,17.7,White,Thrissur,2025-08-18,Vishnu,Fleet,Cash,2,2327000,26800,4600400,2773200,86000,1741200,5
CAR0220,Kia,Sonet,SUV,2025,Petrol,Manual,1197,18.6,White,Delhi,2025-04-29,Akhil,Individual,Cash,4,1453000,27100,5703600,2702800,205600,2795200,4
CAR0221,Maruti Suzuki,Swift,Hatchback,2025,CNG,Manual,1197,22.7,Red,Mangaluru,2025-04-18,Akhil,Corporate,Bank Transfer,1,1078000,70000,1008000,643400,33500,331100,4
CAR0222,Tata,Nexon,SUV,2024,Electric,Automatic,0,523.1,Silver,Thrissur,2025-01-03,Anjali,Individual,Cash,1,1499000,110100,1388900,767600,48700,572600,2
CAR0223,Hyundai,i20,Hatchback,2025,Electric,Automatic,0,546.6,Silver,Chennai,2025-02-21,Anjali,Fleet,Finance,1,1265000,90100,1174900,717700,30300,426900,5
CAR0224,Maruti Suzuki,Swift,Hatchback,2026,Petrol,Manual,1197,21.1,Grey,Pune,2025-06-24,Rahul,Individual,Finance,3,1089000,44300,3134100,1954200,129600,1050300,4
CAR0225,Maruti Suzuki,Swift,Hatchback,2025,Electric,Automatic,0,331.5,Grey,Mangaluru,2026-05-05,Akhil,Individual,Bank Transfer,4,1134000,74600,4237600,2473200,152100,1612300,2
CAR0226,Volkswagen,Virtus,Sedan,2025,Electric,Automatic,0,304.4,Silver,Mumbai,2025-01-30,Arun,Individual,Finance,2,1814000,80100,3467800,1954600,97900,1415300,4
CAR0227,Kia,Seltos,SUV,2026,Diesel,Automatic,1497,18.7,Blue,Hyderabad,2026-09-26,Adarsh,Fleet,UPI,1,1901000,115700,1785300,938800,62300,784200,3
CAR0228,Skoda,Slavia,Sedan,2023,Diesel,Automatic,1498,19.0,Red,Mangaluru,2025-06-19,Akhil,Fleet,Bank Transfer,1,1934000,62700,1871300,875800,43700,951800,5
CAR0229,Hyundai,Verna,Sedan,2023,Electric,Automatic,0,490.4,White,Mangaluru,2026-05-26,Adarsh,Corporate,UPI,4,1624000,127700,5985200,3449200,93000,2443000,2
CAR0230,Kia,Sonet,SUV,2023,Petrol,Automatic,1197,18.8,Blue,Hyderabad,2025-07-31,Neha,Corporate,Finance,4,1556000,55100,6003600,2647200,130200,3226200,5
CAR0231,Mahindra,Thar,SUV,2024,Diesel,Automatic,2184,14.3,Grey,Coimbatore,2025-10-26,Vishnu,Fleet,UPI,3,2180000,28800,6453600,3443100,124000,2886500,2
CAR0232,Skoda,Slavia,Sedan,2024,Petrol,Automatic,1498,20.0,Black,Chennai,2025-07-15,Meera,Fleet,Cash,3,1767000,68900,5094300,2788200,204400,2101700,5
CAR0233,Volkswagen,Virtus,Sedan,2026,Diesel,Manual,1498,19.0,Blue,Delhi,2025-02-19,Anjali,Individual,Bank Transfer,4,1903000,83400,7278400,3765200,310300,3202900,3
CAR0234,Honda,City,Sedan,2025,CNG,Automatic,1498,17.8,Red,Mumbai,2025-09-12,Adarsh,Individual,UPI,3,1693000,57600,4906200,2617500,192000,2096700,4
CAR0235,Tata,Punch,SUV,2025,Diesel,Automatic,1199,18.2,Grey,Kannur,2025-05-16,Adarsh,Corporate,UPI,2,1061000,62200,1997600,1264000,36900,696700,5
CAR0236,Tata,Nexon,SUV,2026,Electric,Manual,0,492.5,White,Bengaluru,2025-05-29,Arun,Corporate,Finance,1,1499000,36000,1463000,761300,29000,672700,3
CAR0237,Tata,Nexon,SUV,2024,Petrol,Automatic,1199,17.1,White,Mumbai,2026-07-30,Akhil,Fleet,Finance,2,1514000,74600,2878800,1445600,110900,1322300,2
CAR0238,Honda,City,Sedan,2025,CNG,Manual,1498,18.8,White,Delhi,2025-09-15,Sneha,Fleet,Finance,2,1746000,112900,3266200,1848600,130300,1287300,3
CAR0239,Tata,Nexon,SUV,2025,Petrol,Manual,1199,16.7,Grey,Hyderabad,2025-05-03,Meera,Corporate,Cash,4,1371000,40500,5322000,2899200,105500,2317300,4
CAR0240,Maruti Suzuki,Baleno,Hatchback,2023,CNG,Automatic,1197,23.2,Red,Coimbatore,2026-08-10,Akhil,Fleet,Cash,3,1093000,65100,3083700,2084400,134800,864500,3
CAR0241,Kia,Sonet,SUV,2025,Petrol,Manual,1197,17.9,Grey,Kannur,2025-12-06,Neha,Fleet,Cash,3,1423000,108900,3942300,2103900,115300,1723100,2
CAR0242,Mahindra,Thar,SUV,2024,Diesel,Automatic,2184,16.0,Red,Coimbatore,2025-04-27,Arun,Corporate,UPI,4,2049000,124300,7698800,4524000,234900,2939900,5
CAR0243,Tata,Nexon,SUV,2026,Diesel,Manual,1199,17.0,White,Kozhikode,2026-07-05,Sneha,Fleet,UPI,1,1490000,36900,1453100,752200,31100,669800,2
CAR0244,Kia,Sonet,SUV,2026,Electric,Manual,0,444.0,Grey,Pune,2025-06-07,Vishnu,Corporate,Cash,1,1456000,48400,1407600,664100,23400,720100,3
CAR0245,Honda,Amaze,Sedan,2025,Electric,Manual,0,379.9,Red,Pune,2025-05-02,Adarsh,Fleet,Cash,1,1184000,63100,1120900,660100,36500,424300,4
CAR0246,Maruti Suzuki,Swift,Hatchback,2024,CNG,Automatic,1197,22.7,Red,Bengaluru,2026-02-09,Vishnu,Fleet,Finance,1,1107000,52400,1054600,619900,28200,406500,3
CAR0247,Tata,Harrier,SUV,2026,Petrol,Manual,1956,16.9,White,Kochi,2025-01-06,Akhil,Fleet,Finance,4,2436000,185800,9000800,5434800,337100,3228900,3
CAR0248,Kia,Seltos,SUV,2024,Diesel,Automatic,1497,17.1,Black,Thiruvananthapuram,2025-07-05,Anjali,Fleet,Cash,1,2012000,151400,1860600,987500,53700,819400,4
CAR0249,Hyundai,i20,Hatchback,2023,Electric,Automatic,0,535.5,Black,Pune,2025-08-29,Priya,Corporate,Finance,1,1176000,17500,1158500,671500,34300,452700,3
CAR0250,Volkswagen,Virtus,Sedan,2025,CNG,Manual,1498,19.0,White,Kannur,2025-09-10,Meera,Fleet,Finance,2,1871000,102600,3536800,1838600,91200,1607000,5
CAR0251,Mahindra,Thar,SUV,2025,CNG,Manual,2184,15.2,Black,Pune,2026-09-14,Arun,Corporate,Cash,1,2221000,155700,2065300,1144800,64400,856100,2
CAR0252,Kia,Seltos,SUV,2025,Electric,Manual,0,480.8,White,Hyderabad,2025-09-24,Meera,Fleet,Finance,4,1960000,40000,7680000,3721200,320600,3638200,3
CAR0253,Kia,Seltos,SUV,2025,Electric,Manual,0,359.2,Grey,Thrissur,2026-09-21,Neha,Fleet,Bank Transfer,2,1987000,39400,3895200,1816200,124600,1954400,5
CAR0254,Toyota,Fortuner,SUV,2024,Electric,Automatic,0,319.5,Silver,Thrissur,2025-02-13,Anjali,Individual,Cash,2,5265000,344300,9841400,6264400,418600,3158400,4
CAR0255,Kia,Seltos,SUV,2025,CNG,Automatic,1497,18.4,Blue,Hyderabad,2026-08-07,Sneha,Individual,Finance,2,1886000,68800,3634400,1897600,152500,1584300,5
CAR0256,Kia,Seltos,SUV,2025,CNG,Automatic,1497,17.7,Blue,Kochi,2026-05-29,Neha,Individual,Bank Transfer,2,1903000,49700,3706600,1883800,86800,1736000,3
CAR0257,Skoda,Slavia,Sedan,2025,Petrol,Automatic,1498,19.4,Silver,Delhi,2025-04-27,Arun,Corporate,Cash,4,1914000,83300,7322800,3596800,252000,3474000,3
CAR0258,Maruti Suzuki,Baleno,Hatchback,2025,Diesel,Manual,1197,21.9,Blue,Kozhikode,2025-02-27,Anjali,Fleet,Cash,2,1123000,25400,2195200,1450200,72400,672600,4
CAR0259,Hyundai,Creta,SUV,2025,Electric,Manual,0,510.2,Black,Mangaluru,2026-02-25,Meera,Corporate,Bank Transfer,2,1997000,134700,3724600,1916400,129600,1678600,4
CAR0260,Skoda,Slavia,Sedan,2025,Diesel,Manual,1498,18.7,White,Kochi,2025-07-27,Anjali,Fleet,Cash,4,1953000,102300,7402800,3448000,311300,3643500,2
CAR0261,Mahindra,XUV700,SUV,2025,Petrol,Automatic,1997,15.7,Blue,Bengaluru,2026-01-15,Akhil,Corporate,Finance,1,2802000,112200,2689800,1550800,79300,1059700,2
CAR0262,Maruti Suzuki,Baleno,Hatchback,2024,Diesel,Manual,1197,24.0,Silver,Mumbai,2026-07-11,Akhil,Fleet,Cash,4,1123000,11700,4445200,2840400,67600,1537200,2
CAR0263,Hyundai,Creta,SUV,2025,CNG,Manual,1497,17.8,Black,Bengaluru,2026-08-23,Akhil,Fleet,UPI,3,1856000,88200,5303400,2989500,176900,2137000,3
CAR0264,Kia,Sonet,SUV,2026,Electric,Automatic,0,303.6,Silver,Kollam,2026-08-15,Rahul,Individual,Bank Transfer,3,1520000,57600,4387200,2003100,179500,2204600,5
CAR0265,Maruti Suzuki,Swift,Hatchback,2024,Electric,Manual,0,485.8,Black,Bengaluru,2025-01-06,Anjali,Corporate,Bank Transfer,1,1161000,49900,1111100,650000,19600,441500,4
CAR0266,Skoda,Slavia,Sedan,2023,Electric,Automatic,0,529.2,Blue,Pune,2026-06-18,Arun,Fleet,UPI,3,1923000,99700,5469900,2793300,216600,2460000,5
CAR0267,Hyundai,Creta,SUV,2026,CNG,Manual,1497,17.3,Blue,Kozhikode,2025-02-06,Akhil,Corporate,Finance,3,1850000,18500,5494500,2867100,246700,2380700,5
CAR0268,Volkswagen,Virtus,Sedan,2024,Petrol,Manual,1498,18.5,White,Hyderabad,2025-10-19,Vishnu,Corporate,UPI,3,1780000,119400,4981800,2743500,218700,2019600,2
CAR0269,Maruti Suzuki,Brezza,SUV,2025,Petrol,Automatic,1462,19.9,Silver,Thiruvananthapuram,2026-06-10,Neha,Corporate,UPI,3,1647000,110200,4610400,2543700,165200,1901500,3
CAR0270,Mahindra,Thar,SUV,2025,Petrol,Automatic,2184,15.2,White,Bengaluru,2025-08-14,Vishnu,Fleet,Finance,2,2209000,85900,4246200,2340800,131900,1773500,3
CAR0271,Toyota,Camry,Sedan,2025,CNG,Manual,2487,18.1,Red,Kannur,2025-12-29,Sneha,Individual,UPI,2,5113000,147400,9931200,5173600,352500,4405100,3
CAR0272,Hyundai,Verna,Sedan,2026,Diesel,Manual,1497,19.0,Blue,Kannur,2025-06-09,Neha,Individual,Cash,1,1579000,24500,1554500,880200,46300,628000,5
CAR0273,Skoda,Slavia,Sedan,2024,CNG,Automatic,1498,19.0,Red,Thrissur,2026-08-14,Rahul,Fleet,Finance,2,1753000,115600,3274800,1778000,102200,1394600,5
CAR0274,Mahindra,Thar,SUV,2026,Electric,Manual,0,344.7,White,Pune,2025-08-04,Vishnu,Fleet,Finance,4,2145000,70300,8298800,4806000,189100,3303700,3
CAR0275,Mahindra,XUV700,SUV,2026,CNG,Automatic,1997,14.8,Red,Thrissur,2026-03-06,Vishnu,Fleet,Bank Transfer,3,2676000,101800,7722600,4432800,248200,3041600,2
CAR0276,Hyundai,Verna,Sedan,2025,Electric,Manual,0,308.8,Red,Coimbatore,2025-01-10,Vishnu,Fleet,Finance,2,1648000,32000,3232000,1749800,109600,1372600,5
CAR0277,Hyundai,i20,Hatchback,2025,Petrol,Manual,1197,19.8,White,Thrissur,2025-09-18,Arun,Corporate,Finance,4,1269000,21200,4991200,2840400,113800,2037000,4
CAR0278,Honda,Amaze,Sedan,2024,Diesel,Manual,1199,18.8,Silver,Kannur,2025-11-29,Neha,Corporate,Bank Transfer,4,1206000,49800,4624800,2464400,154500,2005900,3
CAR0279,Honda,Amaze,Sedan,2025,Electric,Manual,0,504.7,White,Kozhikode,2025-12-18,Neha,Corporate,Finance,2,1131000,63000,2136000,1314400,70800,750800,5
CAR0280,Volkswagen,Virtus,Sedan,2025,Electric,Manual,0,374.2,White,Kozhikode,2025-08-29,Meera,Individual,Cash,3,1929000,113900,5445300,2701800,108900,2634600,2
CAR0281,Kia,Sonet,SUV,2023,Electric,Manual,0,407.2,White,Kollam,2026-09-25,Rahul,Fleet,Finance,2,1380000,103800,2552400,1370600,55800,1126000,5
CAR0282,Maruti Suzuki,Baleno,Hatchback,2025,Diesel,Automatic,1197,21.6,Silver,Mangaluru,2026-05-03,Priya,Fleet,Bank Transfer,4,1238000,59200,4715200,2708400,133700,1873100,5
CAR0283,Honda,Amaze,Sedan,2025,CNG,Automatic,1199,19.5,Blue,Thrissur,2025-04-02,Vishnu,Fleet,Bank Transfer,4,1131000,43900,4348400,2484400,66600,1797400,4
CAR0284,Mahindra,XUV700,SUV,2025,Electric,Automatic,0,534.1,Silver,Kochi,2026-03-17,Sneha,Fleet,UPI,3,2764000,181800,7746600,4476600,160000,3110000,5
CAR0285,Maruti Suzuki,Brezza,SUV,2025,Electric,Manual,0,498.5,Silver,Thiruvananthapuram,2026-03-09,Akhil,Corporate,Finance,2,1569000,103500,2931000,1702200,105000,1123800,4
CAR0286,Hyundai,Creta,SUV,2026,Diesel,Manual,1497,17.2,Grey,Chennai,2026-09-25,Anjali,Individual,Cash,4,1858000,99600,7033600,3835200,109600,3088800,3
CAR0287,Tata,Nexon,SUV,2024,Electric,Manual,0,468.1,White,Kozhikode,2025-01-16,Neha,Corporate,UPI,4,1407000,55500,5406000,3055600,161900,2188500,2
CAR0288,Toyota,Camry,Sedan,2026,Diesel,Automatic,2487,18.1,White,Hyderabad,2026-04-27,Meera,Individual,Bank Transfer,2,4641000,319800,8642400,5108600,344400,3189400,5
CAR0289,Hyundai,Verna,Sedan,2025,Petrol,Manual,1497,18.9,Blue,Pune,2025-08-02,Vishnu,Fleet,Cash,4,1641000,126800,6056800,3514400,119700,2422700,2
CAR0290,Mahindra,XUV700,SUV,2025,Diesel,Manual,1997,14.7,Grey,Thrissur,2025-04-26,Arun,Individual,UPI,2,2777000,90900,5372200,2870200,125100,2376900,3
CAR0291,Toyota,Fortuner,SUV,2025,Electric,Manual,0,456.5,Silver,Coimbatore,2025-04-02,Neha,Fleet,Cash,2,5003000,82000,9842000,6412000,422500,3007500,2
CAR0292,Maruti Suzuki,Baleno,Hatchback,2025,Petrol,Manual,1197,21.9,Silver,Hyderabad,2025-12-22,Meera,Corporate,Cash,4,1199000,13800,4740800,2737600,174100,1829100,5
CAR0293,Kia,Sonet,SUV,2024,Electric,Manual,0,306.9,Blue,Kannur,2025-11-28,Vishnu,Individual,Bank Transfer,4,1419000,96800,5288800,2888000,167300,2233500,5
CAR0294,Hyundai,i20,Hatchback,2025,Electric,Automatic,0,250.2,Grey,Kozhikode,2025-01-20,Adarsh,Fleet,UPI,3,1258000,33600,3673200,2125500,127600,1420100,3
CAR0295,Mahindra,XUV700,SUV,2026,Diesel,Automatic,1997,15.2,Red,Pune,2025-11-26,Anjali,Individual,Cash,1,2574000,144500,2429500,1416600,104800,908100,3
CAR0296,Mahindra,XUV700,SUV,2024,Petrol,Automatic,1997,15.1,Grey,Chennai,2026-06-23,Meera,Individual,UPI,3,2557000,65100,7475700,4553100,115100,2807500,2
CAR0297,Toyota,Fortuner,SUV,2025,Electric,Manual,0,496.6,Blue,Kollam,2026-06-26,Sneha,Fleet,Cash,1,5423000,371000,5052000,3032900,108500,1910600,2
CAR0298,Kia,Sonet,SUV,2025,Diesel,Manual,1197,18.3,Blue,Pune,2025-07-03,Rahul,Fleet,UPI,4,1514000,96400,5670400,2793600,199800,2677000,2
CAR0299,Maruti Suzuki,Brezza,SUV,2025,CNG,Automatic,1462,20.2,Silver,Kannur,2026-07-18,Akhil,Corporate,Bank Transfer,3,1640000,63700,4728900,2558400,188100,1982400,3
CAR0300,Kia,Sonet,SUV,2026,CNG,Automatic,1197,17.9,Red,Bengaluru,2025-01-01,Sneha,Corporate,Cash,1,1563000,80800,1482200,694200,66400,721600,4
CAR0301,Hyundai,Creta,SUV,2026,Petrol,Automatic,1497,18.6,Blue,Hyderabad,2026-07-24,Vishnu,Fleet,Bank Transfer,2,1811000,76500,3469000,1911200,79600,1478200,3
CAR0302,Tata,Nexon,SUV,2023,Electric,Manual,0,420.7,Grey,Thiruvananthapuram,2025-11-29,Priya,Individual,Finance,4,1398000,94800,5212800,3026800,168300,2017700,2
CAR0303,Honda,City,Sedan,2023,Petrol,Automatic,1498,18.7,Silver,Mangaluru,2026-03-21,Arun,Fleet,Cash,4,1819000,33500,7142000,3661200,267300,3213500,5
CAR0304,Tata,Nexon,SUV,2025,CNG,Manual,1199,17.5,Silver,Hyderabad,2025-08-15,Akhil,Fleet,Cash,2,1373000,84000,2578000,1469000,73100,1035900,3
CAR0305,Tata,Nexon,SUV,2026,Diesel,Manual,1199,16.6,Red,Mumbai,2025-02-20,Meera,Individual,UPI,4,1416000,53700,5449200,2950400,195800,2303000,3
CAR0306,Honda,City,Sedan,2025,Diesel,Manual,1498,17.9,Black,Thiruvananthapuram,2025-09-30,Sneha,Corporate,Finance,4,1675000,125100,6199600,3416400,217900,2565300,4
CAR0307,Tata,Punch,SUV,2024,Petrol,Manual,1199,19.5,Silver,Mumbai,2026-03-29,Arun,Individual,Cash,2,1052000,78600,1946800,1252400,69200,625200,2
CAR0308,Hyundai,Verna,Sedan,2026,Diesel,Automatic,1497,20.5,White,Kannur,2025-04-24,Priya,Individual,Finance,3,1655000,19200,4907400,2450400,152800,2304200,5
CAR0309,Maruti Suzuki,Baleno,Hatchback,2025,Petrol,Manual,1197,22.6,Silver,Kozhikode,2025-03-03,Vishnu,Individual,Cash,3,1113000,65400,3142800,2031000,91000,1020800,5
CAR0310,Tata,Harrier,SUV,2026,Petrol,Automatic,1956,16.4,Black,Bengaluru,2026-06-05,Arun,Individual,UPI,1,2560000,112500,2447500,1399600,43200,1004700,2
CAR0311,Hyundai,Verna,Sedan,2026,CNG,Automatic,1497,19.2,Grey,Kozhikode,2025-01-19,Vishnu,Fleet,Finance,3,1709000,59600,4948200,2474100,222100,2252000,2
CAR0312,Honda,City,Sedan,2026,Petrol,Automatic,1498,18.7,Black,Kozhikode,2025-12-16,Sneha,Fleet,Bank Transfer,4,1754000,28300,6902800,3521600,302500,3078700,5
CAR0313,Volkswagen,Virtus,Sedan,2024,CNG,Automatic,1498,18.9,Red,Hyderabad,2025-05-15,Akhil,Individual,Finance,2,1856000,94000,3524000,1916000,74200,1533800,3
CAR0314,Maruti Suzuki,Baleno,Hatchback,2025,Diesel,Manual,1197,22.4,Black,Kannur,2025-05-30,Sneha,Corporate,Finance,1,1204000,86200,1117800,687000,30600,400200,3
CAR0315,Maruti Suzuki,Swift,Hatchback,2024,Petrol,Automatic,1197,23.1,Blue,Mumbai,2026-09-20,Neha,Corporate,Bank Transfer,2,1126000,29500,2193000,1225400,38100,929500,5
CAR0316,Maruti Suzuki,Brezza,SUV,2026,Electric,Manual,0,392.2,Black,Thrissur,2025-02-03,Anjali,Fleet,Bank Transfer,4,1623000,17900,6420400,3287600,175900,2956900,3
CAR0317,Maruti Suzuki,Brezza,SUV,2026,Electric,Automatic,0,510.1,Grey,Kannur,2026-04-14,Priya,Fleet,Finance,2,1550000,99700,2900600,1701400,115200,1084000,5
CAR0318,Volkswagen,Virtus,Sedan,2025,Petrol,Automatic,1498,18.0,Red,Mangaluru,2025-02-13,Vishnu,Fleet,Cash,2,1823000,68700,3508600,1925600,111300,1471700,3
CAR0319,Mahindra,Thar,SUV,2025,CNG,Automatic,2184,15.7,Red,Kozhikode,2026-03-09,Adarsh,Fleet,UPI,3,2154000,29800,6372600,3570000,122800,2679800,2
CAR0320,Maruti Suzuki,Swift,Hatchback,2024,Diesel,Automatic,1197,22.1,Red,Kochi,2025-07-03,Anjali,Corporate,Finance,4,1125000,67400,4230400,2496400,121200,1612800,3
CAR0321,Toyota,Camry,Sedan,2024,Electric,Manual,0,440.2,Blue,Delhi,2026-01-29,Rahul,Fleet,Bank Transfer,2,4766000,174600,9182800,5084200,389100,3709500,3
CAR0322,Maruti Suzuki,Brezza,SUV,2026,Petrol,Automatic,1462,19.6,Grey,Coimbatore,2026-04-02,Meera,Fleet,Finance,3,1593000,29000,4692000,2430600,98900,2162500,2
CAR0323,Mahindra,XUV700,SUV,2026,Petrol,Automatic,1997,15.2,Black,Thrissur,2026-08-26,Arun,Fleet,Finance,4,2710000,110900,10396400,6000800,158000,4237600,3
CAR0324,Maruti Suzuki,Brezza,SUV,2024,CNG,Manual,1462,18.7,Grey,Mumbai,2026-09-10,Meera,Individual,Finance,3,1529000,24700,4512900,2424900,202200,1885800,3
CAR0325,Volkswagen,Virtus,Sedan,2025,Petrol,Automatic,1498,17.1,Silver,Kannur,2026-01-24,Adarsh,Individual,Finance,1,1883000,130000,1753000,899200,51100,802700,4
CAR0326,Honda,Amaze,Sedan,2025,Diesel,Manual,1199,18.9,Blue,Delhi,2026-06-26,Vishnu,Corporate,UPI,1,1159000,67500,1091500,671700,48700,371100,4
CAR0327,Kia,Seltos,SUV,2025,CNG,Automatic,1497,18.6,Blue,Delhi,2026-05-25,Arun,Individual,Cash,4,2001000,143800,7428800,3660400,176200,3592200,2
CAR0328,Mahindra,Thar,SUV,2025,Petrol,Manual,2184,15.6,Blue,Bengaluru,2026-02-28,Anjali,Individual,Finance,1,2072000,102000,1970000,1204500,30200,735300,4
CAR0329,Tata,Nexon,SUV,2024,CNG,Manual,1199,18.0,Grey,Kannur,2025-12-16,Meera,Corporate,Finance,4,1510000,80200,5719200,2828800,115900,2774500,5
CAR0330,Toyota,Fortuner,SUV,2025,Electric,Automatic,0,296.6,Blue,Kannur,2026-04-19,Sneha,Fleet,Finance,4,5563000,77400,21942400,12698800,701000,8542600,2
CAR0331,Volkswagen,Virtus,Sedan,2025,CNG,Manual,1498,17.1,Silver,Mangaluru,2025-02-01,Vishnu,Corporate,Bank Transfer,3,1940000,104500,5506500,2919000,176900,2410600,2
CAR0332,Tata,Punch,SUV,2025,CNG,Automatic,1199,18.7,Black,Kannur,2026-04-08,Adarsh,Individual,Cash,3,1019000,31800,2961600,1854900,114200,992500,5
CAR0333,Toyota,Innova Crysta,SUV,2026,Diesel,Automatic,2398,15.4,Grey,Mangaluru,2026-06-21,Arun,Fleet,Bank Transfer,3,4089000,81900,12021300,8012100,476800,3532400,3
CAR0334,Mahindra,Thar,SUV,2025,Petrol,Manual,2184,14.3,Grey,Mangaluru,2026-09-01,Priya,Fleet,Finance,1,2072000,149700,1922300,1140400,73000,708900,2
CAR0335,Tata,Nexon,SUV,2025,Diesel,Manual,1199,17.0,Silver,Kollam,2026-06-30,Sneha,Individual,Cash,3,1520000,86600,4300200,2176200,84800,2039200,2
CAR0336,Kia,Sonet,SUV,2025,CNG,Automatic,1197,17.7,Blue,Thrissur,2025-06-25,Anjali,Individual,UPI,1,1426000,103300,1322700,695800,21900,605000,2
CAR0337,Honda,City,Sedan,2023,Electric,Automatic,0,367.6,Blue,Kannur,2025-11-16,Meera,Corporate,Bank Transfer,3,1793000,107400,5056800,2719200,156800,2180800,2
CAR0338,Maruti Suzuki,Swift,Hatchback,2025,Electric,Manual,0,391.2,Black,Mangaluru,2026-09-24,Arun,Corporate,UPI,3,1175000,44000,3393000,1969500,118600,1304900,5
CAR0339,Toyota,Camry,Sedan,2025,CNG,Manual,2487,19.1,Silver,Coimbatore,2025-12-23,Adarsh,Fleet,Cash,2,4853000,186300,9333400,5057200,170000,4106200,4
CAR0340,Mahindra,Thar,SUV,2025,Electric,Manual,0,321.6,Blue,Kozhikode,2026-05-09,Rahul,Corporate,Finance,4,1993000,49000,7776000,4845200,217200,2713600,3
CAR0341,Toyota,Camry,Sedan,2025,Electric,Automatic,0,284.3,Silver,Hyderabad,2025-04-10,Meera,Fleet,UPI,4,4630000,356100,17095600,9469600,312200,7313800,4
CAR0342,Toyota,Fortuner,SUV,2023,Diesel,Manual,2755,15.1,Black,Pune,2025-06-02,Priya,Fleet,Finance,4,5275000,196800,20312800,12771600,423900,7117300,4
CAR0343,Tata,Nexon,SUV,2026,Electric,Automatic,0,465.3,White,Mumbai,2025-01-09,Anjali,Individual,Cash,4,1535000,107000,5712000,2838800,240100,2633100,4
CAR0344,Tata,Nexon,SUV,2026,Diesel,Automatic,1199,17.3,Grey,Kannur,2026-01-27,Akhil,Individual,UPI,4,1440000,69300,5482800,3018800,160400,2303600,4
CAR0345,Maruti Suzuki,Baleno,Hatchback,2024,Diesel,Manual,1197,21.9,Grey,Kochi,2025-05-28,Priya,Corporate,UPI,4,1187000,92900,4376400,2670000,83700,1622700,5
CAR0346,Maruti Suzuki,Brezza,SUV,2025,Electric,Automatic,0,415.6,Red,Kannur,2025-08-20,Adarsh,Fleet,Finance,2,1549000,16300,3065400,1682600,113200,1269600,5
CAR0347,Volkswagen,Virtus,Sedan,2025,Petrol,Automatic,1498,18.1,White,Mumbai,2026-05-09,Adarsh,Corporate,UPI,1,1728000,105700,1622300,986400,72200,563700,2
CAR0348,Skoda,Slavia,Sedan,2023,Electric,Manual,0,439.2,Grey,Pune,2026-07-07,Akhil,Corporate,UPI,3,1898000,139000,5277000,2682600,80900,2513500,4
CAR0349,Tata,Harrier,SUV,2026,CNG,Manual,1956,16.4,Grey,Mumbai,2025-11-08,Meera,Corporate,Cash,3,2277000,98200,6536400,4019100,108200,2409100,4
CAR0350,Toyota,Camry,Sedan,2024,Petrol,Automatic,2487,19.9,Silver,Kozhikode,2026-09-23,Neha,Fleet,Bank Transfer,3,4697000,131500,13696500,7606200,453600,5636700,5
CAR0351,Maruti Suzuki,Brezza,SUV,2024,Diesel,Manual,1462,19.8,Silver,Thiruvananthapuram,2025-05-29,Sneha,Fleet,UPI,2,1639000,102800,3072400,1668200,81400,1322800,3
CAR0352,Volkswagen,Virtus,Sedan,2025,CNG,Automatic,1498,17.0,White,Kochi,2025-06-21,Akhil,Fleet,Bank Transfer,4,1792000,55700,6945200,3855600,261000,2828600,5
CAR0353,Mahindra,XUV700,SUV,2024,Electric,Automatic,0,253.6,Red,Pune,2025-11-20,Vishnu,Fleet,Finance,1,2575000,121500,2453500,1463100,98900,891500,4
CAR0354,Hyundai,i20,Hatchback,2026,CNG,Automatic,1197,20.4,Red,Coimbatore,2025-09-05,Arun,Individual,Cash,2,1215000,69800,2290400,1455000,55900,779500,2
CAR0355,Honda,Amaze,Sedan,2023,Petrol,Automatic,1199,19.0,Black,Delhi,2025-10-18,Anjali,Fleet,Bank Transfer,3,1112000,13000,3297000,1851000,142300,1303700,2
CAR0356,Toyota,Camry,Sedan,2026,Diesel,Manual,2487,18.8,White,Delhi,2025-07-08,Vishnu,Corporate,UPI,3,4710000,264900,13335300,7106700,381400,5847200,4
CAR0357,Maruti Suzuki,Brezza,SUV,2026,CNG,Automatic,1462,20.5,Red,Kannur,2025-03-03,Meera,Individual,UPI,3,1664000,47500,4849500,2509200,144300,2196000,3
CAR0358,Maruti Suzuki,Swift,Hatchback,2024,Electric,Manual,0,315.5,Red,Delhi,2025-09-23,Arun,Individual,UPI,1,1039000,15500,1023500,658300,39200,326000,3
CAR0359,Toyota,Fortuner,SUV,2025,CNG,Automatic,2755,13.8,Red,Mumbai,2025-01-04,Akhil,Individual,Bank Transfer,4,5236000,200400,20142400,12963600,793000,6385800,2
CAR0360,Mahindra,XUV700,SUV,2024,CNG,Automatic,1997,14.7,Red,Kochi,2025-04-03,Adarsh,Corporate,Bank Transfer,3,2740000,211700,7584900,4266300,218400,3100200,3
CAR0361,Toyota,Fortuner,SUV,2026,Diesel,Automatic,2755,14.1,White,Pune,2026-01-03,Meera,Individual,Cash,4,4950000,268800,18724800,12973200,359500,5392100,3
CAR0362,Honda,City,Sedan,2023,CNG,Automatic,1498,17.8,White,Kochi,2025-12-14,Priya,Fleet,UPI,1,1678000,101500,1576500,882500,33700,660300,3
CAR0363,Hyundai,Verna,Sedan,2026,Petrol,Automatic,1497,20.2,Grey,Kochi,2026-04-28,Priya,Corporate,Cash,1,1607000,89100,1517900,800200,51600,666100,5
CAR0364,Maruti Suzuki,Brezza,SUV,2026,Petrol,Manual,1462,20.6,White,Chennai,2026-09-02,Anjali,Fleet,UPI,2,1471000,35600,2870800,1655400,115100,1100300,4
CAR0365,Volkswagen,Virtus,Sedan,2025,CNG,Manual,1498,18.7,White,Mumbai,2025-06-27,Sneha,Corporate,Bank Transfer,3,1708000,49800,4974600,2895000,99700,1979900,5
CAR0366,Volkswagen,Virtus,Sedan,2023,Petrol,Automatic,1498,18.6,Black,Kochi,2026-05-14,Rahul,Corporate,UPI,1,1694000,38200,1655800,901500,57200,697100,5
CAR0367,Hyundai,Creta,SUV,2024,CNG,Automatic,1497,18.0,Black,Kozhikode,2026-09-18,Arun,Corporate,Finance,1,1945000,117100,1827900,1001200,32200,794500,5
CAR0368,Kia,Sonet,SUV,2024,Petrol,Manual,1197,19.3,Blue,Kannur,2026-07-07,Meera,Individual,Bank Transfer,2,1457000,78500,2757000,1345200,45700,1366100,5
CAR0369,Maruti Suzuki,Brezza,SUV,2024,Petrol,Automatic,1462,18.7,Silver,Thrissur,2026-03-22,Rahul,Fleet,Cash,3,1530000,101500,4285500,2590500,69900,1625100,3
CAR0370,Toyota,Innova Crysta,SUV,2025,Petrol,Manual,2398,15.2,Grey,Chennai,2026-08-30,Anjali,Individual,Finance,3,3895000,242600,10957200,8032800,240000,2684400,3
CAR0371,Hyundai,Verna,Sedan,2025,Diesel,Manual,1497,19.3,White,Chennai,2026-08-23,Rahul,Individual,UPI,4,1564000,63400,6002400,3269600,199800,2533000,4
CAR0372,Mahindra,Thar,SUV,2025,CNG,Manual,2184,16.1,Silver,Kozhikode,2025-02-02,Priya,Corporate,Bank Transfer,1,2056000,36600,2019400,1183900,55600,779900,4
CAR0373,Maruti Suzuki,Brezza,SUV,2026,Diesel,Manual,1462,20.0,White,Bengaluru,2026-06-19,Sneha,Individual,UPI,4,1644000,41300,6410800,3356800,185200,2868800,3
CAR0374,Tata,Punch,SUV,2025,Diesel,Manual,1199,19.8,Blue,Kochi,2026-03-04,Anjali,Fleet,UPI,1,993000,42600,950400,661000,15200,274200,5
CAR0375,Mahindra,Thar,SUV,2025,Petrol,Manual,2184,15.3,Grey,Delhi,2026-02-21,Meera,Corporate,Finance,2,2013000,61800,3902400,2411400,69200,1421800,3
CAR0376,Volkswagen,Virtus,Sedan,2025,Petrol,Automatic,1498,19.0,Black,Mangaluru,2026-02-20,Neha,Fleet,Cash,2,1891000,67900,3646200,1874200,124000,1648000,5
CAR0377,Kia,Seltos,SUV,2023,Electric,Manual,0,475.9,Grey,Thiruvananthapuram,2026-09-28,Neha,Individual,Cash,3,1982000,27400,5863800,2948400,206600,2708800,5
CAR0378,Mahindra,Thar,SUV,2025,CNG,Manual,2184,15.0,Blue,Delhi,2025-07-29,Neha,Fleet,Bank Transfer,2,2262000,60400,4403200,2283200,129300,1990700,3
CAR0379,Tata,Harrier,SUV,2026,Electric,Manual,0,333.1,Silver,Kannur,2026-04-09,Priya,Fleet,Finance,4,2424000,165000,9036000,5527200,279700,3229100,5
CAR0380,Tata,Harrier,SUV,2026,Petrol,Automatic,1956,16.2,White,Thiruvananthapuram,2026-02-05,Rahul,Fleet,Bank Transfer,2,2353000,181100,4343800,2662600,101100,1580100,5
CAR0381,Hyundai,Creta,SUV,2025,Petrol,Manual,1497,17.6,Red,Kannur,2026-03-07,Priya,Individual,Finance,4,1982000,22800,7836800,3835600,122700,3878500,5
CAR0382,Tata,Punch,SUV,2025,CNG,Automatic,1199,18.9,Red,Kollam,2026-08-04,Rahul,Corporate,Finance,2,1119000,35200,2167600,1324600,47300,795700,2
CAR0383,Tata,Harrier,SUV,2024,Diesel,Manual,1956,17.0,Grey,Hyderabad,2025-10-20,Anjali,Individual,Bank Transfer,2,2583000,177600,4810800,2826000,168300,1816500,3
CAR0384,Toyota,Fortuner,SUV,2026,Diesel,Automatic,2755,14.3,Black,Thrissur,2026-07-30,Arun,Individual,Finance,1,5373000,421600,4951400,3055300,140900,1755200,2
CAR0385,Honda,City,Sedan,2026,Diesel,Automatic,1498,18.8,Black,Kochi,2026-07-14,Neha,Fleet,Bank Transfer,3,1752000,53800,5094600,2779800,224600,2090200,5
CAR0386,Maruti Suzuki,Swift,Hatchback,2025,Petrol,Manual,1197,21.4,Silver,Kochi,2026-02-16,Sneha,Fleet,Bank Transfer,2,1103000,18200,2169600,1229200,74300,866100,4
CAR0387,Toyota,Innova Crysta,SUV,2023,Electric,Manual,0,453.1,Blue,Bengaluru,2025-07-19,Akhil,Corporate,UPI,4,3839000,201000,14552000,10757200,614900,3179900,3
CAR0388,Tata,Harrier,SUV,2025,Petrol,Automatic,1956,16.4,Silver,Chennai,2026-07-29,Akhil,Corporate,Finance,1,2328000,168000,2160000,1419800,59300,680900,3
CAR0389,Honda,Amaze,Sedan,2024,Petrol,Automatic,1199,17.8,Red,Mangaluru,2026-06-22,Rahul,Corporate,Finance,3,1092000,84300,3023100,1980300,53400,989400,5
CAR0390,Kia,Sonet,SUV,2025,Diesel,Automatic,1197,17.5,Silver,Hyderabad,2026-05-18,Arun,Fleet,UPI,1,1530000,47600,1482400,699000,44200,739200,3
CAR0391,Toyota,Innova Crysta,SUV,2024,CNG,Automatic,2398,16.9,White,Pune,2025-10-22,Priya,Corporate,UPI,4,3764000,276600,13949600,10446400,221100,3282100,2
CAR0392,Tata,Harrier,SUV,2025,Electric,Automatic,0,510.5,Grey,Mangaluru,2025-05-03,Meera,Individual,Bank Transfer,3,2428000,122100,6917700,4302900,137600,2477200,4
CAR0393,Maruti Suzuki,Baleno,Hatchback,2025,Petrol,Automatic,1197,22.3,Grey,Kannur,2025-02-19,Priya,Fleet,Bank Transfer,3,1128000,61700,3198900,1990200,66600,1142100,2
CAR0394,Maruti Suzuki,Brezza,SUV,2025,CNG,Automatic,1462,20.6,Silver,Pune,2026-01-07,Akhil,Corporate,Finance,1,1573000,54400,1518600,811200,29000,678400,5
CAR0395,Tata,Punch,SUV,2026,Diesel,Manual,1199,18.0,Blue,Thrissur,2025-07-12,Vishnu,Individual,UPI,1,1048000,77700,970300,618600,18400,333300,4
CAR0396,Tata,Harrier,SUV,2024,Electric,Automatic,0,516.9,Black,Delhi,2025-11-08,Rahul,Fleet,Bank Transfer,1,2506000,45900,2460100,1334000,88100,1038000,4
CAR0397,Hyundai,Creta,SUV,2024,Petrol,Manual,1497,17.8,White,Kochi,2026-05-11,Vishnu,Individual,UPI,4,1797000,31500,7062000,4077200,214700,2770100,2
CAR0398,Toyota,Fortuner,SUV,2023,Petrol,Manual,2755,14.8,Blue,Thrissur,2026-08-25,Rahul,Corporate,Finance,2,5023000,173800,9698400,6074000,391600,3232800,4
CAR0399,Kia,Seltos,SUV,2026,Diesel,Manual,1497,17.7,White,Mangaluru,2026-08-16,Sneha,Fleet,Cash,1,1927000,115800,1811200,984600,36500,790100,2
CAR0400,Kia,Seltos,SUV,2026,Electric,Manual,0,359.9,Red,Pune,2025-04-20,Anjali,Corporate,Cash,2,2008000,158000,3700000,1866600,112600,1720800,4
CAR0401,Mahindra,Thar,SUV,2024,Diesel,Automatic,2184,15.2,Grey,Kollam,2026-07-25,Sneha,Fleet,Finance,1,1998000,89000,1909000,1174200,54800,680000,5
CAR0402,Kia,Sonet,SUV,2025,Electric,Manual,0,306.6,Red,Pune,2026-01-12,Rahul,Fleet,Cash,2,1366000,78100,2575800,1410000,69300,1096500,2
CAR0403,Honda,City,Sedan,2025,Petrol,Manual,1498,18.3,White,Kannur,2025-07-23,Priya,Corporate,UPI,3,1646000,113700,4596900,2647200,101100,1848600,4
CAR0404,Volkswagen,Virtus,Sedan,2024,Electric,Automatic,0,356.8,Red,Hyderabad,2025-10-13,Anjali,Fleet,Bank Transfer,2,1886000,33100,3705800,1833600,110900,1761300,2
CAR0405,Toyota,Fortuner,SUV,2026,Electric,Manual,0,453.4,Red,Mumbai,2025-12-01,Sneha,Fleet,UPI,2,5108000,273900,9668200,6502600,336800,2828800,5
CAR0406,Tata,Nexon,SUV,2025,Electric,Automatic,0,401.4,Blue,Hyderabad,2025-01-19,Arun,Corporate,UPI,1,1564000,112000,1452000,713900,41400,696700,5
CAR0407,Toyota,Fortuner,SUV,2024,CNG,Manual,2755,15.1,Red,Bengaluru,2025-05-18,Adarsh,Fleet,UPI,3,5409000,238700,15510900,9129000,546800,5835100,5
CAR0408,Maruti Suzuki,Brezza,SUV,2025,Electric,Automatic,0,329.0,Blue,Pune,2025-12-28,Akhil,Corporate,Cash,3,1527000,18300,4526100,2408400,181500,1936200,4
CAR0409,Maruti Suzuki,Swift,Hatchback,2025,CNG,Manual,1197,22.2,Grey,Thrissur,2025-09-11,Rahul,Corporate,Cash,2,1134000,58400,2151200,1340400,36500,774300,4
CAR0410,Toyota,Innova Crysta,SUV,2025,Petrol,Automatic,2398,15.9,Blue,Hyderabad,2026-03-08,Priya,Fleet,UPI,3,3677000,157700,10557900,7349400,258600,2949900,4
CAR0411,Maruti Suzuki,Swift,Hatchback,2026,Petrol,Manual,1197,22.9,Silver,Chennai,2026-05-30,Vishnu,Fleet,Cash,3,1060000,32800,3081600,2022000,64900,994700,3
CAR0412,Hyundai,i20,Hatchback,2023,Electric,Manual,0,491.4,Grey,Mangaluru,2026-08-16,Anjali,Corporate,Bank Transfer,1,1227000,35700,1191300,697600,36800,456900,4
CAR0413,Tata,Nexon,SUV,2025,CNG,Automatic,1199,17.3,Black,Bengaluru,2026-02-16,Sneha,Individual,Bank Transfer,3,1490000,62200,4283400,2286900,87500,1909000,5
CAR0414,Mahindra,Thar,SUV,2024,Electric,Manual,0,530.4,Blue,Thrissur,2026-01-09,Anjali,Corporate,UPI,4,2017000,41400,7902400,4840800,189700,2871900,4
CAR0415,Hyundai,Creta,SUV,2026,CNG,Manual,1497,18.7,Silver,Pune,2026-09-08,Adarsh,Corporate,UPI,2,1894000,34000,3720000,1918400,83200,1718400,5
CAR0416,Honda,Amaze,Sedan,2025,Petrol,Automatic,1199,17.9,Black,Kochi,2025-09-22,Anjali,Corporate,Cash,3,1187000,26500,3481500,1999200,152900,1329400,2
CAR0417,Tata,Punch,SUV,2025,Petrol,Automatic,1199,19.8,Silver,Pune,2025-04-03,Meera,Fleet,Cash,4,1126000,68300,4230800,2480400,77700,1672700,4
CAR0418,Toyota,Camry,Sedan,2024,Petrol,Automatic,2487,19.7,Silver,Mangaluru,2026-08-22,Vishnu,Individual,Bank Transfer,4,5054000,313700,18961200,10335600,408400,8217200,3
CAR0419,Mahindra,Thar,SUV,2025,Petrol,Automatic,2184,15.2,Grey,Thiruvananthapuram,2025-11-21,Neha,Individual,Finance,4,2114000,57600,8225600,4645200,316900,3263500,5
CAR0420,Tata,Nexon,SUV,2023,Petrol,Manual,1199,18.1,Grey,Coimbatore,2025-09-03,Meera,Fleet,Cash,3,1475000,46700,4284900,2330700,110900,1843300,3
CAR0421,Honda,City,Sedan,2023,Electric,Automatic,0,528.3,Silver,Thiruvananthapuram,2025-08-30,Vishnu,Fleet,UPI,3,1648000,119200,4586400,2785200,155700,1645500,2
CAR0422,Toyota,Camry,Sedan,2026,Electric,Automatic,0,391.3,Silver,Delhi,2026-03-09,Arun,Fleet,Finance,1,5066000,298400,4767600,2476600,121800,2169200,5
CAR0423,Toyota,Fortuner,SUV,2025,Diesel,Manual,2755,14.6,White,Bengaluru,2025-07-24,Neha,Fleet,Bank Transfer,3,5116000,80600,15106200,9175500,460600,5470100,5
CAR0424,Mahindra,Thar,SUV,2025,Diesel,Automatic,2184,14.8,Silver,Thrissur,2025-03-28,Arun,Fleet,Bank Transfer,4,2082000,78200,8015200,4693200,320900,3001100,2
CAR0425,Kia,Sonet,SUV,2025,Diesel,Automatic,1197,19.1,Black,Kollam,2025-06-22,Arun,Corporate,Bank Transfer,1,1444000,57800,1386200,676200,24500,685500,2
CAR0426,Kia,Seltos,SUV,2025,Electric,Automatic,0,498.2,White,Thrissur,2025-07-28,Sneha,Corporate,Bank Transfer,2,2038000,136400,3803200,1836600,142200,1824400,5
CAR0427,Skoda,Slavia,Sedan,2024,CNG,Manual,1498,19.5,Red,Kozhikode,2026-02-23,Anjali,Individual,Finance,2,1746000,136800,3218400,1734400,91800,1392200,5
CAR0428,Toyota,Innova Crysta,SUV,2025,CNG,Automatic,2398,16.9,Grey,Thrissur,2026-01-28,Neha,Corporate,Bank Transfer,4,4068000,113600,15817600,9875200,265100,5677300,5
CAR0429,Skoda,Slavia,Sedan,2026,Petrol,Automatic,1498,17.9,Silver,Bengaluru,2026-01-15,Meera,Fleet,UPI,2,1990000,97800,3784400,1796400,86300,1901700,4
CAR0430,Maruti Suzuki,Baleno,Hatchback,2023,Electric,Manual,0,292.5,Silver,Kochi,2025-05-11,Adarsh,Corporate,Finance,4,1221000,83600,4549600,2841200,194700,1513700,4
CAR0431,Tata,Punch,SUV,2025,Diesel,Automatic,1199,18.5,Black,Hyderabad,2026-03-27,Anjali,Individual,UPI,1,1015000,14000,1001000,622900,29100,349000,5
CAR0432,Mahindra,XUV700,SUV,2023,CNG,Automatic,1997,15.9,Red,Chennai,2025-04-26,Priya,Individual,Finance,2,2585000,42800,5084400,3080400,103800,1900200,3
CAR0433,Toyota,Innova Crysta,SUV,2025,Diesel,Manual,2398,15.8,Black,Coimbatore,2026-05-26,Neha,Corporate,Finance,1,4151000,49100,4101900,2621100,145300,1335500,2
CAR0434,Maruti Suzuki,Baleno,Hatchback,2023,Electric,Automatic,0,499.2,Red,Pune,2025-10-03,Arun,Fleet,Bank Transfer,1,1134000,14800,1119200,701600,32000,385600,3
CAR0435,Tata,Nexon,SUV,2024,Petrol,Automatic,1199,17.9,White,Bengaluru,2025-09-19,Akhil,Individual,Bank Transfer,2,1412000,90300,2643400,1469800,41300,1132300,5
CAR0436,Tata,Nexon,SUV,2025,Diesel,Automatic,1199,16.6,Red,Delhi,2025-11-14,Vishnu,Corporate,UPI,2,1436000,24000,2824000,1465200,59300,1299500,5
CAR0437,Volkswagen,Virtus,Sedan,2025,Petrol,Automatic,1498,18.6,Blue,Kozhikode,2026-03-21,Adarsh,Fleet,Bank Transfer,4,1715000,78800,6544800,3942000,231000,2371800,5
CAR0438,Kia,Seltos,SUV,2023,Electric,Automatic,0,381.2,Silver,Kozhikode,2025-05-11,Adarsh,Individual,Cash,3,2010000,93700,5748900,2763300,94500,2891100,2
CAR0439,Honda,Amaze,Sedan,2025,Electric,Automatic,0,448.3,Silver,Kollam,2026-08-23,Anjali,Individual,UPI,1,1205000,13400,1191600,659100,34400,498100,2
CAR0440,Honda,Amaze,Sedan,2026,CNG,Automatic,1199,18.2,Grey,Chennai,2026-10-01,Akhil,Individual,Finance,3,1136000,84400,3154800,1991100,67300,1096400,2
CAR0441,Kia,Sonet,SUV,2023,Electric,Manual,0,285.0,Grey,Chennai,2026-04-17,Vishnu,Fleet,Finance,4,1539000,119400,5678400,2800400,168100,2709900,5
CAR0442,Toyota,Camry,Sedan,2024,Petrol,Manual,2487,18.4,Grey,Thrissur,2025-01-28,Vishnu,Fleet,Bank Transfer,2,4835000,97500,9475000,4820800,381500,4272700,2
CAR0443,Mahindra,Thar,SUV,2024,Electric,Manual,0,256.5,Black,Delhi,2026-04-01,Neha,Fleet,UPI,4,2113000,148300,7858800,4792800,165400,2900600,2
CAR0444,Toyota,Innova Crysta,SUV,2024,Electric,Automatic,0,543.8,Grey,Mumbai,2026-09-03,Arun,Fleet,UPI,3,3686000,140000,10638000,7732500,390800,2514700,3
CAR0445,Kia,Seltos,SUV,2023,CNG,Automatic,1497,17.8,Grey,Bengaluru,2026-04-30,Sneha,Individual,Bank Transfer,1,1918000,145200,1772800,925900,63700,783200,4
CAR0446,Mahindra,XUV700,SUV,2024,Diesel,Automatic,1997,15.0,Blue,Mangaluru,2026-04-25,Rahul,Fleet,Finance,2,2872000,174100,5395800,2937200,148400,2310200,5
CAR0447,Skoda,Slavia,Sedan,2024,Petrol,Manual,1498,19.4,Black,Thrissur,2025-06-10,Neha,Individual,Cash,4,1765000,69000,6784000,3741600,163600,2878800,2
CAR0448,Hyundai,i20,Hatchback,2025,Diesel,Manual,1197,19.2,White,Kannur,2026-03-17,Adarsh,Corporate,Finance,1,1232000,22700,1209300,673700,27500,508100,2
CAR0449,Hyundai,i20,Hatchback,2026,Petrol,Automatic,1197,20.5,Red,Mangaluru,2025-04-24,Rahul,Fleet,Cash,1,1259000,66300,1192700,718100,21500,453100,2
CAR0450,Maruti Suzuki,Swift,Hatchback,2026,CNG,Automatic,1197,21.5,Grey,Chennai,2026-06-03,Meera,Individual,Cash,4,1147000,19400,4510400,2612400,112900,1785100,3
CAR0451,Honda,Amaze,Sedan,2026,Petrol,Automatic,1199,18.0,Silver,Kollam,2026-06-02,Adarsh,Fleet,Bank Transfer,2,1095000,39500,2111000,1320200,54500,736300,3
CAR0452,Honda,Amaze,Sedan,2026,Diesel,Automatic,1199,19.3,Red,Chennai,2026-06-13,Neha,Fleet,Cash,3,1233000,50500,3547500,1983300,129600,1434600,2
CAR0453,Tata,Punch,SUV,2025,Diesel,Automatic,1199,18.8,White,Pune,2025-06-04,Adarsh,Corporate,UPI,1,1131000,88900,1042100,662900,43000,336200,5
CAR0454,Tata,Nexon,SUV,2025,CNG,Manual,1199,18.3,Silver,Hyderabad,2026-09-18,Akhil,Fleet,UPI,2,1505000,62100,2885800,1440800,90400,1354600,4
CAR0455,Hyundai,Creta,SUV,2026,Petrol,Automatic,1497,17.0,Red,Delhi,2025-05-10,Arun,Fleet,Bank Transfer,3,1843000,84400,5275800,2913600,133100,2229100,2
CAR0456,Kia,Sonet,SUV,2025,Diesel,Automatic,1197,18.9,Grey,Bengaluru,2026-06-02,Meera,Individual,Cash,1,1512000,104200,1407800,676200,42600,689000,2
CAR0457,Tata,Nexon,SUV,2025,Petrol,Manual,1199,17.3,Grey,Mumbai,2026-08-03,Adarsh,Fleet,Bank Transfer,2,1434000,42900,2782200,1527800,101400,1153000,5
CAR0458,Hyundai,Verna,Sedan,2024,Diesel,Automatic,1497,20.4,Red,Thiruvananthapuram,2025-05-31,Anjali,Corporate,Bank Transfer,4,1742000,27400,6858400,3217200,285700,3355500,5
CAR0459,Tata,Harrier,SUV,2025,Electric,Automatic,0,426.5,Silver,Mumbai,2026-05-26,Adarsh,Corporate,Bank Transfer,4,2591000,150900,9760400,5794800,360700,3604900,3
CAR0460,Maruti Suzuki,Baleno,Hatchback,2025,Electric,Manual,0,288.8,Grey,Thrissur,2026-04-12,Anjali,Individual,UPI,4,1086000,22800,4252800,2788400,181400,1283000,2
CAR0461,Tata,Harrier,SUV,2025,Petrol,Manual,1956,16.8,Silver,Kollam,2026-01-19,Vishnu,Corporate,Cash,3,2355000,28200,6980400,4008000,268800,2703600,4
CAR0462,Hyundai,Creta,SUV,2024,Electric,Automatic,0,250.6,White,Mangaluru,2025-02-15,Rahul,Corporate,UPI,4,1914000,60600,7413600,3940800,186300,3286500,3
CAR0463,Kia,Seltos,SUV,2025,Electric,Manual,0,450.2,Grey,Kannur,2025-04-02,Anjali,Fleet,UPI,4,1889000,137900,7004400,3700800,114700,3188900,4
CAR0464,Maruti Suzuki,Brezza,SUV,2025,CNG,Manual,1462,19.9,Grey,Hyderabad,2025-03-29,Adarsh,Fleet,Bank Transfer,2,1664000,79800,3168400,1726800,138500,1303100,5
CAR0465,Toyota,Innova Crysta,SUV,2024,Diesel,Automatic,2398,16.9,Black,Thrissur,2026-08-17,Akhil,Corporate,Cash,4,3712000,175800,14144800,10109200,462100,3573500,4
CAR0466,Maruti Suzuki,Brezza,SUV,2025,CNG,Manual,1462,19.5,White,Thiruvananthapuram,2026-07-09,Priya,Corporate,Bank Transfer,2,1519000,34600,2968800,1728600,58300,1181900,2
CAR0467,Tata,Punch,SUV,2024,Petrol,Manual,1199,18.4,Silver,Kozhikode,2026-02-27,Adarsh,Individual,Bank Transfer,3,1025000,77800,2841600,2008500,47000,786100,5
CAR0468,Kia,Seltos,SUV,2025,Petrol,Automatic,1497,17.2,Red,Hyderabad,2026-02-21,Adarsh,Corporate,Cash,1,1915000,73800,1841200,915200,76600,849400,3
CAR0469,Maruti Suzuki,Baleno,Hatchback,2024,Electric,Manual,0,383.8,Black,Kannur,2026-07-08,Meera,Corporate,Cash,2,1207000,57500,2299000,1375400,97400,826200,2
CAR0470,Skoda,Slavia,Sedan,2024,Diesel,Automatic,1498,17.9,Silver,Mumbai,2025-09-14,Adarsh,Corporate,Cash,4,1998000,137800,7440800,3460400,299300,3681100,3
CAR0471,Volkswagen,Virtus,Sedan,2023,Petrol,Manual,1498,17.8,Black,Delhi,2026-07-24,Meera,Fleet,Finance,3,1913000,47400,5596800,2823000,218600,2555200,4
CAR0472,Hyundai,i20,Hatchback,2024,CNG,Automatic,1197,19.6,Blue,Kannur,2025-01-17,Adarsh,Fleet,Bank Transfer,2,1237000,12500,2449000,1382800,103000,963200,5
CAR0473,Mahindra,XUV700,SUV,2026,Petrol,Manual,1997,15.5,Blue,Kochi,2026-04-01,Meera,Individual,Cash,1,2671000,178700,2492300,1534100,64100,894100,2
CAR0474,Tata,Harrier,SUV,2026,Electric,Manual,0,252.8,Silver,Pune,2026-01-02,Arun,Individual,UPI,2,2286000,121000,4330000,2716800,158200,1455000,4
CAR0475,Hyundai,i20,Hatchback,2025,Diesel,Automatic,1197,18.8,White,Mangaluru,2025-10-12,Priya,Fleet,Bank Transfer,4,1157000,27300,4518800,2838800,158900,1521100,2
CAR0476,Maruti Suzuki,Baleno,Hatchback,2025,Diesel,Manual,1197,22.2,Blue,Delhi,2025-10-08,Arun,Fleet,Finance,2,1217000,14100,2405800,1451800,85000,869000,5
CAR0477,Honda,Amaze,Sedan,2025,Petrol,Automatic,1199,19.4,Red,Mangaluru,2026-02-21,Vishnu,Individual,Bank Transfer,3,1101000,51000,3150000,1929600,96100,1124300,2
CAR0478,Honda,Amaze,Sedan,2025,CNG,Manual,1199,17.5,Silver,Thiruvananthapuram,2026-08-09,Neha,Individual,Bank Transfer,1,1240000,32000,1208000,655800,52800,499400,3
CAR0479,Tata,Nexon,SUV,2023,Petrol,Automatic,1199,16.4,White,Mumbai,2025-12-09,Priya,Corporate,Bank Transfer,3,1413000,61000,4056000,2330700,162100,1563200,2
CAR0480,Skoda,Slavia,Sedan,2025,Petrol,Manual,1498,19.3,White,Kochi,2025-02-04,Priya,Corporate,Cash,4,1820000,126200,6775200,3407600,127600,3240000,4
CAR0481,Honda,Amaze,Sedan,2023,Petrol,Automatic,1199,18.7,Red,Bengaluru,2025-04-09,Priya,Corporate,UPI,4,1119000,58200,4243200,2615600,65000,1562600,5
CAR0482,Skoda,Slavia,Sedan,2024,Petrol,Automatic,1498,18.9,Blue,Thrissur,2025-04-21,Neha,Fleet,Bank Transfer,1,1742000,104400,1637600,899400,65900,672300,4
CAR0483,Honda,Amaze,Sedan,2025,Electric,Manual,0,305.8,White,Kochi,2025-05-11,Meera,Fleet,Bank Transfer,3,1175000,54000,3363000,1960200,86500,1316300,3
CAR0484,Tata,Nexon,SUV,2025,CNG,Manual,1199,17.1,Blue,Mumbai,2025-05-29,Sneha,Corporate,Bank Transfer,1,1411000,95000,1316000,747000,21900,547100,3
CAR0485,Toyota,Camry,Sedan,2024,Electric,Automatic,0,458.4,Blue,Delhi,2025-12-06,Arun,Individual,UPI,3,4926000,193600,14197200,7171800,406500,6618900,3
CAR0486,Hyundai,Verna,Sedan,2025,Electric,Manual,0,437.2,Red,Delhi,2025-12-06,Adarsh,Individual,Finance,4,1598000,36600,6245600,3532400,161700,2551500,2
CAR0487,Maruti Suzuki,Swift,Hatchback,2024,Electric,Automatic,0,308.3,White,Kochi,2025-07-23,Sneha,Fleet,Bank Transfer,2,1078000,27300,2101400,1256000,42500,802900,3
CAR0488,Toyota,Innova Crysta,SUV,2024,CNG,Manual,2398,16.8,Grey,Kozhikode,2026-01-24,Anjali,Corporate,Bank Transfer,1,3851000,95200,3755800,2562600,98000,1095200,5
CAR0489,Maruti Suzuki,Swift,Hatchback,2024,Diesel,Manual,1197,23.2,Blue,Bengaluru,2026-01-19,Rahul,Fleet,Bank Transfer,3,1126000,88300,3113100,1880700,51000,1181400,4
CAR0490,Tata,Punch,SUV,2024,CNG,Automatic,1199,19.7,Black,Delhi,2025-03-25,Adarsh,Fleet,Finance,4,1103000,58500,4178000,2487600,111300,1579100,5
CAR0491,Mahindra,Thar,SUV,2024,CNG,Automatic,2184,15.2,Grey,Chennai,2026-05-01,Meera,Individual,Bank Transfer,3,2145000,117300,6083100,3668700,209800,2204600,3
CAR0492,Hyundai,Verna,Sedan,2025,CNG,Automatic,1497,19.4,Blue,Kozhikode,2026-01-19,Meera,Corporate,Bank Transfer,3,1678000,32600,4936200,2418300,139900,2378000,2
CAR0493,Kia,Seltos,SUV,2025,Electric,Automatic,0,385.3,Red,Kannur,2026-05-25,Vishnu,Individual,Finance,3,1859000,21800,5511600,2805000,126600,2580000,2
CAR0494,Kia,Seltos,SUV,2025,Petrol,Manual,1497,18.3,White,Thiruvananthapuram,2025-03-15,Priya,Corporate,Finance,3,1796000,43100,5258700,2735100,130800,2392800,3
CAR0495,Maruti Suzuki,Baleno,Hatchback,2026,CNG,Automatic,1197,21.5,Silver,Mangaluru,2025-12-21,Sneha,Fleet,Bank Transfer,4,1233000,83300,4598800,2844000,70600,1684200,5
CAR0496,Hyundai,Verna,Sedan,2025,Diesel,Automatic,1497,19.5,Grey,Mangaluru,2026-04-18,Meera,Fleet,UPI,3,1734000,55300,5036100,2445000,191900,2399200,3
CAR0497,Mahindra,Thar,SUV,2026,Petrol,Manual,2184,15.0,Silver,Delhi,2025-01-10,Neha,Fleet,UPI,4,2212000,151300,8242800,4675200,227300,3340300,4
CAR0498,Volkswagen,Virtus,Sedan,2023,Petrol,Manual,1498,18.9,Silver,Mumbai,2026-09-10,Neha,Individual,UPI,4,1939000,47100,7567600,3720400,234900,3612300,2
CAR0499,Volkswagen,Virtus,Sedan,2026,CNG,Manual,1498,17.1,Grey,Hyderabad,2025-07-01,Sneha,Corporate,Finance,1,1900000,99200,1800800,895500,37800,867500,3
CAR0500,Tata,Nexon,SUV,2025,Petrol,Automatic,1199,17.3,Blue,Kochi,2025-06-25,Anjali,Fleet,UPI,3,1538000,59600,4435200,2150400,81300,2203500,5
CAR0501,Honda,City,Sedan,2026,Diesel,Manual,1498,17.0,Silver,Bengaluru,2026-05-02,Sneha,Fleet,UPI,2,1742000,131900,3220200,1797800,96800,1325600,4
CAR0502,Toyota,Innova Crysta,SUV,2026,Electric,Automatic,0,269.2,Blue,Coimbatore,2025-09-10,Meera,Fleet,Cash,3,4163000,297800,11595600,7691100,374400,3530100,4
CAR0503,Tata,Harrier,SUV,2025,CNG,Manual,1956,16.6,Red,Thrissur,2025-07-03,Rahul,Corporate,Cash,4,2410000,177800,8928800,5366800,286200,3275800,3
CAR0504,Hyundai,i20,Hatchback,2026,CNG,Manual,1197,20.4,Grey,Delhi,2025-08-11,Meera,Individual,Finance,4,1197000,75800,4484800,2666000,116900,1701900,5
CAR0505,Maruti Suzuki,Brezza,SUV,2024,Petrol,Manual,1462,19.7,Grey,Delhi,2026-04-18,Neha,Corporate,Cash,4,1532000,58100,5895600,3262000,95100,2538500,3
CAR0506,Mahindra,Thar,SUV,2025,Petrol,Manual,2184,14.4,Grey,Chennai,2025-05-24,Anjali,Individual,Bank Transfer,4,2215000,152600,8249600,4594000,128200,3527400,4
CAR0507,Kia,Sonet,SUV,2025,Diesel,Manual,1197,17.3,Grey,Kollam,2025-06-07,Adarsh,Individual,UPI,4,1436000,36100,5599600,2641600,197400,2760600,2
CAR0508,Maruti Suzuki,Swift,Hatchback,2025,CNG,Manual,1197,22.2,White,Coimbatore,2026-01-22,Neha,Corporate,Cash,2,1177000,42600,2268800,1253000,40300,975500,2
CAR0509,Hyundai,Creta,SUV,2025,Petrol,Manual,1497,17.4,Grey,Kozhikode,2025-06-21,Akhil,Individual,Bank Transfer,1,1897000,33300,1863700,972700,59400,831600,5
CAR0510,Maruti Suzuki,Swift,Hatchback,2024,Petrol,Manual,1197,22.0,White,Bengaluru,2025-11-20,Anjali,Fleet,Finance,1,1094000,46100,1047900,615300,41300,391300,2
CAR0511,Hyundai,Creta,SUV,2025,Electric,Manual,0,544.9,Grey,Hyderabad,2026-08-06,Rahul,Corporate,Bank Transfer,2,1853000,30800,3644400,1944800,123600,1576000,4
CAR0512,Tata,Punch,SUV,2026,Electric,Manual,0,270.3,Blue,Mumbai,2026-04-05,Priya,Individual,Bank Transfer,4,1062000,65800,3984800,2574800,144000,1266000,2
CAR0513,Maruti Suzuki,Swift,Hatchback,2024,Electric,Manual,0,477.2,White,Kozhikode,2026-01-19,Rahul,Fleet,UPI,4,1080000,22300,4230800,2497200,68300,1665300,4
CAR0514,Hyundai,i20,Hatchback,2024,Petrol,Automatic,1197,20.1,Grey,Mangaluru,2025-10-23,Priya,Individual,Bank Transfer,1,1166000,71500,1094500,682000,23200,389300,3
CAR0515,Honda,City,Sedan,2025,Diesel,Manual,1498,17.7,White,Mangaluru,2026-05-19,Priya,Individual,Cash,1,1825000,24900,1800100,935300,77700,787100,3
CAR0516,Kia,Sonet,SUV,2026,Diesel,Manual,1197,17.6,Red,Delhi,2026-04-24,Sneha,Corporate,Finance,3,1396000,33300,4088100,2063100,135600,1889400,5
CAR0517,Hyundai,i20,Hatchback,2026,Electric,Automatic,0,274.0,Red,Bengaluru,2025-06-21,Akhil,Corporate,Cash,4,1202000,54500,4590000,2837600,173500,1578900,5
CAR0518,Toyota,Camry,Sedan,2026,CNG,Manual,2487,19.3,Blue,Delhi,2025-06-29,Rahul,Corporate,Cash,3,4768000,149800,13854600,7262400,441500,6150700,4
CAR0519,Mahindra,XUV700,SUV,2024,Diesel,Automatic,1997,14.1,Red,Bengaluru,2026-03-02,Arun,Fleet,Cash,4,2905000,104900,11200400,5933600,383400,4883400,5
CAR0520,Maruti Suzuki,Swift,Hatchback,2025,Diesel,Automatic,1197,21.6,Silver,Coimbatore,2025-12-23,Meera,Corporate,Bank Transfer,4,1132000,40500,4366000,2459200,116000,1790800,3
CAR0521,Toyota,Fortuner,SUV,2026,CNG,Manual,2755,14.6,Grey,Pune,2025-06-01,Anjali,Fleet,Bank Transfer,3,5329000,405500,14770500,9165600,331200,5273700,2
CAR0522,Toyota,Camry,Sedan,2025,Electric,Manual,0,369.3,Blue,Thrissur,2026-03-10,Akhil,Fleet,UPI,2,5070000,140400,9859200,4851200,434100,4573900,4
CAR0523,Toyota,Camry,Sedan,2024,CNG,Automatic,2487,19.8,Grey,Thrissur,2026-02-12,Vishnu,Fleet,UPI,3,4516000,98400,13252800,7418700,237300,5596800,5
CAR0524,Honda,Amaze,Sedan,2024,CNG,Manual,1199,17.9,Black,Chennai,2025-07-06,Akhil,Individual,Bank Transfer,1,1154000,77300,1076700,623100,18100,435500,4
CAR0525,Mahindra,Thar,SUV,2025,Petrol,Manual,2184,15.9,White,Kollam,2025-03-29,Arun,Corporate,Cash,4,2011000,29200,7927200,4526400,174700,3226100,2
CAR0526,Hyundai,i20,Hatchback,2026,Petrol,Manual,1197,20.4,White,Thrissur,2026-06-19,Priya,Corporate,UPI,1,1191000,55300,1135700,725300,26100,384300,4
CAR0527,Honda,Amaze,Sedan,2024,CNG,Manual,1199,19.7,Silver,Pune,2026-02-13,Rahul,Individual,UPI,4,1179000,92300,4346800,2671200,170300,1505300,5
CAR0528,Toyota,Innova Crysta,SUV,2025,CNG,Manual,2398,16.9,Silver,Chennai,2026-09-26,Arun,Corporate,Cash,4,3947000,221900,14900400,9779200,508700,4612500,4
CAR0529,Tata,Punch,SUV,2025,Diesel,Automatic,1199,19.1,Grey,Mumbai,2025-03-25,Vishnu,Fleet,Cash,3,1050000,79000,2913000,2014500,129900,768600,5
CAR0530,Skoda,Slavia,Sedan,2024,Diesel,Manual,1498,19.8,Black,Chennai,2025-03-31,Adarsh,Corporate,Cash,3,1955000,155900,5397300,2804400,156500,2436400,5
CAR0531,Hyundai,Verna,Sedan,2024,Diesel,Manual,1497,20.2,White,Bengaluru,2025-01-30,Anjali,Fleet,Finance,2,1766000,58000,3416000,1663200,80000,1672800,5
CAR0532,Maruti Suzuki,Baleno,Hatchback,2026,Electric,Automatic,0,277.1,Black,Mumbai,2026-09-08,Sneha,Corporate,UPI,1,1185000,43100,1141900,708200,42300,391400,3
CAR0533,Hyundai,i20,Hatchback,2024,Petrol,Automatic,1197,19.1,Grey,Mumbai,2025-07-12,Arun,Fleet,Cash,1,1224000,23200,1200800,679900,31700,489200,4
CAR0534,Volkswagen,Virtus,Sedan,2025,Electric,Automatic,0,544.0,Silver,Coimbatore,2025-05-10,Meera,Corporate,Bank Transfer,2,1719000,18300,3401400,1948000,83300,1370100,5
CAR0535,Maruti Suzuki,Baleno,Hatchback,2025,Diesel,Manual,1197,23.6,Blue,Kannur,2025-11-13,Akhil,Individual,UPI,1,1125000,78000,1047000,698200,35500,313300,4
CAR0536,Toyota,Fortuner,SUV,2026,CNG,Manual,2755,13.8,Grey,Coimbatore,2025-08-19,Adarsh,Corporate,Bank Transfer,1,5560000,357600,5202400,3282200,191600,1728600,2
CAR0537,Honda,City,Sedan,2024,Electric,Automatic,0,547.1,Red,Thiruvananthapuram,2026-06-25,Priya,Individual,Bank Transfer,3,1665000,124200,4622400,2727300,145300,1749800,4
CAR0538,Toyota,Fortuner,SUV,2026,CNG,Manual,2755,14.3,Blue,Kozhikode,2026-03-29,Priya,Fleet,Cash,4,5100000,102700,19989200,12311200,748600,6929400,4
CAR0539,Maruti Suzuki,Swift,Hatchback,2025,Diesel,Automatic,1197,22.1,Grey,Mangaluru,2025-06-22,Rahul,Fleet,Finance,1,1049000,82000,967000,622700,16000,328300,5
CAR0540,Honda,City,Sedan,2024,Petrol,Automatic,1498,17.2,Silver,Delhi,2026-09-03,Akhil,Fleet,Cash,2,1753000,63600,3378800,1816600,131300,1430900,5
CAR0541,Hyundai,i20,Hatchback,2025,Electric,Manual,0,360.2,White,Thiruvananthapuram,2025-05-05,Anjali,Fleet,UPI,4,1236000,91000,4580000,2694800,149300,1735900,4
CAR0542,Volkswagen,Virtus,Sedan,2024,Electric,Automatic,0,550.0,Silver,Mumbai,2025-05-09,Adarsh,Corporate,Cash,1,1774000,106400,1667600,974900,51900,640800,5
CAR0543,Kia,Sonet,SUV,2026,Electric,Manual,0,269.2,Black,Pune,2025-05-01,Rahul,Corporate,Cash,2,1538000,90200,2895600,1316800,82300,1496500,2
CAR0544,Volkswagen,Virtus,Sedan,2024,Diesel,Automatic,1498,17.1,White,Thiruvananthapuram,2025-05-08,Arun,Individual,Bank Transfer,3,1784000,85800,5094600,2799600,220900,2074100,4
CAR0545,Kia,Seltos,SUV,2026,CNG,Automatic,1497,18.0,Black,Mumbai,2026-05-18,Sneha,Individual,Cash,3,1925000,152100,5318700,2779500,165700,2373500,2
CAR0546,Toyota,Fortuner,SUV,2024,CNG,Manual,2755,15.0,Black,Mumbai,2026-07-20,Akhil,Fleet,Finance,2,5319000,156500,10325000,6482600,285600,3556800,4
CAR0547,Maruti Suzuki,Brezza,SUV,2025,Petrol,Automatic,1462,20.9,Grey,Kozhikode,2026-07-03,Akhil,Individual,Finance,2,1472000,90200,2763600,1767200,99200,897200,3
CAR0548,Maruti Suzuki,Baleno,Hatchback,2024,Electric,Manual,0,363.7,White,Kollam,2025-05-08,Sneha,Corporate,Finance,1,1191000,45800,1145200,681100,20200,443900,3
CAR0549,Hyundai,i20,Hatchback,2023,Electric,Manual,0,543.8,Red,Thiruvananthapuram,2025-05-07,Adarsh,Individual,Finance,2,1216000,86700,2258600,1398400,88500,771700,4
CAR0550,Hyundai,i20,Hatchback,2025,Petrol,Automatic,1197,19.2,Black,Kannur,2026-06-29,Akhil,Individual,Bank Transfer,4,1208000,22900,4740400,2634800,144100,1961500,3
CAR0551,Volkswagen,Virtus,Sedan,2025,Petrol,Automatic,1498,18.9,Grey,Coimbatore,2025-09-13,Akhil,Fleet,Finance,4,1870000,42700,7309200,3946800,284700,3077700,4
CAR0552,Kia,Seltos,SUV,2026,Diesel,Manual,1497,17.3,Silver,Bengaluru,2025-11-17,Vishnu,Fleet,Cash,1,1955000,30000,1925000,915800,34300,974900,2
CAR0553,Kia,Sonet,SUV,2026,Petrol,Automatic,1197,19.2,Grey,Hyderabad,2025-05-20,Priya,Individual,UPI,4,1464000,84900,5516400,2821600,170900,2523900,2
CAR0554,Hyundai,Creta,SUV,2026,Petrol,Automatic,1497,18.5,Black,Delhi,2026-06-25,Anjali,Fleet,Bank Transfer,1,1948000,151000,1797000,1007500,74500,715000,3
CAR0555,Tata,Harrier,SUV,2026,CNG,Automatic,1956,17.7,Red,Bengaluru,2025-06-24,Meera,Individual,Finance,3,2582000,86900,7485300,4233300,299100,2952900,4
CAR0556,Tata,Nexon,SUV,2024,Petrol,Automatic,1199,17.9,Black,Kollam,2026-06-12,Vishnu,Individual,UPI,1,1553000,112600,1440400,768600,24100,647700,4
CAR0557,Tata,Harrier,SUV,2024,CNG,Manual,1956,17.6,Red,Kannur,2025-01-10,Arun,Corporate,Cash,1,2401000,57200,2343800,1390100,98300,855400,5
CAR0558,Maruti Suzuki,Baleno,Hatchback,2026,CNG,Automatic,1197,22.1,Silver,Kollam,2026-01-09,Rahul,Fleet,UPI,4,1225000,58200,4667200,2707600,208500,1751100,3
CAR0559,Tata,Harrier,SUV,2025,Petrol,Manual,1956,16.5,White,Thrissur,2025-10-19,Vishnu,Fleet,Bank Transfer,1,2301000,90800,2210200,1362400,35200,812600,5
CAR0560,Maruti Suzuki,Swift,Hatchback,2025,Electric,Manual,0,489.9,Silver,Coimbatore,2026-02-14,Arun,Corporate,Cash,4,1054000,81200,3891200,2650000,73100,1168100,3
CAR0561,Tata,Punch,SUV,2025,Petrol,Automatic,1199,18.8,Silver,Chennai,2025-03-26,Akhil,Individual,Finance,4,1023000,21200,4007200,2576800,90100,1340300,3
CAR0562,Hyundai,Creta,SUV,2025,Petrol,Manual,1497,18.4,Black,Mangaluru,2026-08-29,Priya,Individual,UPI,2,1847000,35600,3622800,1887600,162000,1573200,2
CAR0563,Hyundai,Creta,SUV,2023,Petrol,Automatic,1497,17.7,Grey,Pune,2025-08-25,Neha,Corporate,Cash,2,1875000,81600,3586800,1982000,123100,1481700,4
CAR0564,Hyundai,i20,Hatchback,2026,Electric,Manual,0,324.1,Black,Kochi,2025-01-01,Rahul,Fleet,Cash,1,1239000,40300,1198700,678000,28100,492600,5
CAR0565,Hyundai,i20,Hatchback,2026,CNG,Manual,1197,19.6,White,Pune,2025-01-14,Vishnu,Fleet,Finance,2,1184000,73300,2221400,1366600,85200,769600,3
CAR0566,Hyundai,Creta,SUV,2025,Petrol,Manual,1497,18.8,Grey,Delhi,2026-09-09,Anjali,Individual,UPI,1,1797000,139800,1657200,1028400,65500,563300,2
CAR0567,Kia,Sonet,SUV,2025,CNG,Manual,1197,18.7,Blue,Delhi,2025-06-07,Meera,Fleet,Finance,1,1389000,54600,1334400,707800,55700,570900,4
CAR0568,Maruti Suzuki,Swift,Hatchback,2026,Petrol,Manual,1197,22.4,Black,Mumbai,2025-10-08,Adarsh,Individual,UPI,2,1079000,83000,1992000,1230000,88000,674000,5
CAR0569,Kia,Seltos,SUV,2026,Diesel,Automatic,1497,17.6,Blue,Coimbatore,2026-02-04,Adarsh,Fleet,Cash,4,1948000,47700,7601200,3573200,244400,3783600,5
CAR0570,Kia,Seltos,SUV,2024,Diesel,Automatic,1497,17.3,Blue,Thiruvananthapuram,2025-06-25,Arun,Corporate,Bank Transfer,2,1798000,48000,3500000,1793400,68100,1638500,4
CAR0571,Hyundai,Verna,Sedan,2026,Diesel,Manual,1497,19.7,Grey,Kannur,2026-09-12,Neha,Individual,UPI,3,1626000,124000,4506000,2622300,103300,1780400,4
CAR0572,Toyota,Fortuner,SUV,2025,Petrol,Manual,2755,15.0,Grey,Kollam,2025-06-30,Vishnu,Fleet,Cash,3,5595000,266400,15985800,9963600,613000,5409200,5
CAR0573,Skoda,Slavia,Sedan,2025,Electric,Automatic,0,316.2,Black,Mumbai,2026-02-09,Rahul,Corporate,Cash,2,1855000,113300,3483400,1770200,67800,1645400,5
CAR0574,Mahindra,Thar,SUV,2024,Diesel,Automatic,2184,14.6,Grey,Kozhikode,2025-10-16,Anjali,Individual,Cash,1,2065000,148600,1916400,1226100,68300,622000,3
CAR0575,Honda,Amaze,Sedan,2024,Electric,Manual,0,280.1,Grey,Coimbatore,2025-01-13,Sneha,Fleet,Cash,1,1142000,13100,1128900,664700,42800,421400,3
CAR0576,Toyota,Camry,Sedan,2024,Petrol,Manual,2487,19.8,White,Hyderabad,2025-12-13,Meera,Individual,Finance,1,4648000,202800,4445200,2490700,125900,1828600,4
CAR0577,Maruti Suzuki,Baleno,Hatchback,2024,CNG,Manual,1197,23.3,White,Mangaluru,2025-02-15,Sneha,Individual,Bank Transfer,1,1169000,20100,1148900,720100,31500,397300,2
CAR0578,Honda,Amaze,Sedan,2025,CNG,Manual,1199,18.9,Grey,Bengaluru,2025-04-26,Anjali,Corporate,Cash,4,1108000,19600,4353600,2470400,190100,1693100,4
CAR0579,Tata,Harrier,SUV,2026,Petrol,Manual,1956,17.6,Black,Bengaluru,2026-06-28,Anjali,Corporate,Finance,3,2457000,141400,6946800,4011000,243300,2692500,4
CAR0580,Hyundai,i20,Hatchback,2026,CNG,Manual,1197,21.0,White,Mangaluru,2025-06-02,Priya,Corporate,Cash,2,1182000,44100,2275800,1417000,87800,771000,2
CAR0581,Honda,Amaze,Sedan,2026,CNG,Automatic,1199,17.8,Black,Kozhikode,2026-01-30,Sneha,Fleet,Finance,3,1132000,44900,3261300,1968300,89400,1203600,3
CAR0582,Honda,City,Sedan,2025,Electric,Automatic,0,411.6,Blue,Hyderabad,2025-08-24,Sneha,Fleet,Bank Transfer,4,1618000,97200,6083200,3573600,233000,2276600,2
CAR0583,Tata,Harrier,SUV,2023,Petrol,Automatic,1956,16.5,Black,Thiruvananthapuram,2025-03-03,Sneha,Corporate,Bank Transfer,3,2377000,165100,6635700,4275000,127300,2233400,5
CAR0584,Hyundai,Creta,SUV,2026,Petrol,Manual,1497,18.5,Grey,Delhi,2025-05-27,Priya,Individual,Cash,4,1981000,116300,7458800,3930000,124000,3404800,5
CAR0585,Maruti Suzuki,Brezza,SUV,2023,CNG,Manual,1462,18.9,White,Kochi,2026-08-06,Akhil,Fleet,Finance,4,1489000,33900,5820400,3448800,217900,2153700,5
CAR0586,Tata,Punch,SUV,2025,Petrol,Manual,1199,18.4,White,Pune,2025-02-02,Sneha,Corporate,Finance,2,1061000,11400,2099200,1330200,74300,694700,4
CAR0587,Honda,Amaze,Sedan,2026,CNG,Automatic,1199,19.7,Black,Delhi,2025-08-05,Meera,Fleet,Cash,4,1181000,29900,4604400,2491600,172100,1940700,5
CAR0588,Tata,Punch,SUV,2025,Electric,Manual,0,498.2,White,Coimbatore,2026-01-16,Vishnu,Corporate,Cash,4,1016000,17900,3992400,2464400,132100,1395900,3
CAR0589,Maruti Suzuki,Brezza,SUV,2025,Petrol,Manual,1462,19.1,Silver,Thrissur,2026-07-19,Arun,Fleet,Cash,2,1596000,19600,3152800,1643800,139700,1369300,5
CAR0590,Toyota,Fortuner,SUV,2024,CNG,Automatic,2755,13.6,Silver,Bengaluru,2026-05-28,Akhil,Fleet,Cash,2,5117000,191100,9851800,6243800,186100,3421900,4
CAR0591,Kia,Seltos,SUV,2024,Diesel,Automatic,1497,16.7,Red,Mumbai,2025-02-08,Rahul,Fleet,Bank Transfer,3,1829000,105700,5169900,2701500,174600,2293800,3
CAR0592,Maruti Suzuki,Brezza,SUV,2026,CNG,Manual,1462,19.7,Silver,Kollam,2026-01-04,Priya,Fleet,Cash,4,1466000,87800,5512800,3428000,122200,1962600,3
CAR0593,Mahindra,XUV700,SUV,2023,Petrol,Automatic,1997,14.4,Blue,Mangaluru,2025-03-31,Anjali,Corporate,Finance,4,2574000,82300,9966800,6200400,197800,3568600,4
CAR0594,Toyota,Camry,Sedan,2024,Electric,Automatic,0,327.4,Silver,Coimbatore,2026-03-29,Priya,Corporate,UPI,2,5144000,401300,9485400,4944200,245700,4295500,5
CAR0595,Maruti Suzuki,Baleno,Hatchback,2025,CNG,Automatic,1197,22.6,Blue,Chennai,2025-09-27,Anjali,Fleet,Cash,1,1181000,65000,1116000,709900,24900,381200,3
CAR0596,Tata,Nexon,SUV,2025,Electric,Manual,0,506.1,Red,Mangaluru,2026-04-19,Anjali,Individual,Cash,1,1434000,61400,1372600,745100,54300,573200,3
CAR0597,Honda,City,Sedan,2026,Diesel,Manual,1498,17.6,Silver,Kannur,2026-09-11,Rahul,Fleet,Bank Transfer,4,1649000,102100,6187600,3425200,177200,2585200,5
CAR0598,Hyundai,Creta,SUV,2024,Petrol,Automatic,1497,19.1,White,Coimbatore,2026-01-06,Vishnu,Fleet,UPI,4,2046000,51000,7980000,3844400,125200,4010400,4
CAR0599,Maruti Suzuki,Brezza,SUV,2023,Petrol,Manual,1462,19.3,Silver,Mangaluru,2026-04-08,Vishnu,Individual,UPI,4,1571000,89400,5926400,3284400,236600,2405400,4
CAR0600,Maruti Suzuki,Brezza,SUV,2024,Electric,Manual,0,394.5,Grey,Bengaluru,2025-12-30,Neha,Fleet,Bank Transfer,4,1636000,80600,6221600,3500000,130400,2591200,4
CAR0601,Toyota,Innova Crysta,SUV,2024,Electric,Automatic,0,530.1,Silver,Thiruvananthapuram,2026-02-21,Arun,Individual,UPI,3,3950000,40500,11728500,7683300,468900,3576300,2
CAR0602,Hyundai,Creta,SUV,2025,Diesel,Manual,1497,17.8,Blue,Bengaluru,2025-08-10,Vishnu,Corporate,Finance,3,1842000,43100,5396700,3024000,235600,2137100,2
CAR0603,Tata,Nexon,SUV,2025,Petrol,Automatic,1199,17.8,Red,Bengaluru,2025-12-27,Neha,Individual,UPI,3,1531000,60900,4410300,2334300,110600,1965400,5
CAR0604,Maruti Suzuki,Brezza,SUV,2025,Diesel,Automatic,1462,19.9,Silver,Mangaluru,2026-03-24,Arun,Individual,Cash,3,1609000,121700,4461900,2628000,80200,1753700,2
CAR0605,Skoda,Slavia,Sedan,2026,Petrol,Manual,1498,19.0,Grey,Chennai,2026-05-31,Sneha,Fleet,UPI,1,1912000,133100,1778900,865100,68100,845700,2
CAR0606,Mahindra,XUV700,SUV,2026,CNG,Automatic,1997,15.8,Red,Mangaluru,2026-02-10,Akhil,Fleet,Finance,1,2893000,187300,2705700,1486100,62300,1157300,4
CAR0607,Hyundai,Verna,Sedan,2023,Electric,Manual,0,259.8,Black,Coimbatore,2026-01-19,Arun,Corporate,Bank Transfer,3,1628000,125600,4507200,2650200,100300,1756700,5
CAR0608,Volkswagen,Virtus,Sedan,2025,Electric,Manual,0,543.2,Red,Kannur,2026-06-14,Adarsh,Fleet,UPI,2,1802000,30600,3542800,1938200,106700,1497900,4
CAR0609,Maruti Suzuki,Brezza,SUV,2026,Diesel,Manual,1462,18.8,Red,Kochi,2026-08-31,Meera,Corporate,Cash,2,1463000,87100,2751800,1754600,47800,949400,3
CAR0610,Tata,Harrier,SUV,2024,Diesel,Manual,1956,16.4,Grey,Coimbatore,2026-01-23,Meera,Fleet,Cash,3,2478000,72500,7216500,4340700,244100,2631700,2
CAR0611,Skoda,Slavia,Sedan,2024,Diesel,Manual,1498,18.5,White,Thiruvananthapuram,2026-05-22,Anjali,Corporate,Cash,3,1975000,48500,5779500,2565300,224600,2989600,5
CAR0612,Hyundai,Creta,SUV,2025,Electric,Automatic,0,516.9,Black,Kozhikode,2025-11-02,Meera,Individual,Finance,1,2026000,113800,1912200,1003100,77700,831400,4
CAR0613,Skoda,Slavia,Sedan,2025,Petrol,Automatic,1498,18.2,White,Thrissur,2026-09-13,Arun,Corporate,Cash,1,1878000,86900,1791100,914500,38500,838100,3
CAR0614,Tata,Punch,SUV,2024,Petrol,Manual,1199,19.4,Silver,Kollam,2026-05-09,Adarsh,Fleet,UPI,2,1127000,38800,2176400,1293600,51900,830900,5
CAR0615,Honda,City,Sedan,2026,CNG,Automatic,1498,17.1,Red,Thiruvananthapuram,2026-08-21,Neha,Corporate,UPI,3,1637000,40000,4791000,2733000,134200,1923800,4
CAR0616,Skoda,Slavia,Sedan,2024,Electric,Automatic,0,378.8,Silver,Pune,2025-03-07,Arun,Corporate,Finance,4,1782000,22000,7040000,3568000,229500,3242500,5
CAR0617,Maruti Suzuki,Swift,Hatchback,2024,CNG,Manual,1197,22.2,Silver,Thrissur,2025-03-16,Sneha,Corporate,Cash,2,1135000,40900,2188200,1323400,40900,823900,4
CAR0618,Mahindra,Thar,SUV,2025,CNG,Manual,2184,15.9,Red,Kollam,2026-09-09,Akhil,Fleet,Cash,2,2129000,36600,4184800,2322800,139100,1722900,5
CAR0619,Tata,Punch,SUV,2026,Diesel,Automatic,1199,18.2,Red,Kochi,2025-10-09,Arun,Individual,Cash,4,1005000,41900,3852400,2600400,126100,1125900,4
CAR0620,Volkswagen,Virtus,Sedan,2026,Electric,Automatic,0,335.3,White,Hyderabad,2026-06-25,Neha,Corporate,Finance,1,1777000,19800,1757200,937600,70100,749500,4
CAR0621,Tata,Harrier,SUV,2025,CNG,Manual,1956,16.8,Red,Kollam,2026-04-11,Sneha,Fleet,Cash,4,2541000,197400,9374400,5332000,245800,3796600,2
CAR0622,Toyota,Fortuner,SUV,2026,Diesel,Automatic,2755,13.7,Grey,Delhi,2026-03-23,Vishnu,Fleet,Cash,2,5012000,117200,9789600,6593400,255200,2941000,2
CAR0623,Toyota,Fortuner,SUV,2024,CNG,Automatic,2755,13.7,Grey,Mumbai,2026-01-24,Meera,Corporate,Bank Transfer,3,5397000,403400,14980800,9584100,278600,5118100,5
CAR0624,Maruti Suzuki,Swift,Hatchback,2025,Diesel,Automatic,1197,22.6,Silver,Kannur,2026-05-10,Anjali,Individual,Bank Transfer,2,1048000,66700,1962600,1314400,50200,598000,2
CAR0625,Mahindra,XUV700,SUV,2023,Petrol,Automatic,1997,15.3,Red,Thrissur,2026-05-15,Rahul,Corporate,Finance,1,2667000,178600,2488400,1524200,75700,888500,5
CAR0626,Kia,Seltos,SUV,2024,Diesel,Automatic,1497,17.1,Red,Chennai,2026-09-28,Meera,Corporate,Cash,2,1993000,46200,3893600,1838800,77600,1977200,3
CAR0627,Maruti Suzuki,Swift,Hatchback,2025,Diesel,Automatic,1197,21.1,Black,Kollam,2025-01-30,Sneha,Individual,Finance,4,1136000,47400,4354400,2513200,186400,1654800,5
CAR0628,Maruti Suzuki,Baleno,Hatchback,2025,Electric,Manual,0,402.4,Red,Kollam,2026-01-14,Priya,Individual,UPI,1,1089000,40000,1049000,723000,21800,304200,3
CAR0629,Hyundai,i20,Hatchback,2025,Electric,Manual,0,405.6,Grey,Kochi,2025-09-12,Sneha,Individual,Cash,1,1165000,16000,1149000,660500,26400,462100,4
CAR0630,Skoda,Slavia,Sedan,2025,Electric,Manual,0,367.6,Black,Delhi,2025-10-02,Anjali,Fleet,Finance,4,1792000,116500,6702000,3509200,158400,3034400,2
CAR0631,Maruti Suzuki,Brezza,SUV,2025,Electric,Manual,0,471.7,Black,Kannur,2025-03-13,Arun,Corporate,UPI,2,1498000,109300,2777400,1622200,42700,1112500,4
CAR0632,Maruti Suzuki,Brezza,SUV,2026,Petrol,Manual,1462,19.0,Blue,Kannur,2026-05-01,Adarsh,Fleet,Finance,1,1563000,42700,1520300,808300,60200,651800,3
CAR0633,Kia,Seltos,SUV,2024,Diesel,Manual,1497,18.3,Silver,Coimbatore,2025-12-10,Arun,Corporate,Finance,4,1917000,66200,7403200,3779200,258400,3365600,5
CAR0634,Tata,Harrier,SUV,2024,CNG,Automatic,1956,17.6,White,Kollam,2026-06-16,Sneha,Corporate,UPI,1,2306000,89300,2216700,1346800,99400,770500,2
CAR0635,Volkswagen,Virtus,Sedan,2025,Electric,Manual,0,357.8,Black,Bengaluru,2025-04-21,Neha,Fleet,Bank Transfer,3,1913000,110000,5409000,2935200,154000,2319800,4
CAR0636,Tata,Punch,SUV,2025,Electric,Automatic,0,533.6,Silver,Thrissur,2025-02-12,Arun,Corporate,Finance,3,1110000,20700,3267900,1988100,104600,1175200,2
CAR0637,Mahindra,XUV700,SUV,2026,Diesel,Manual,1997,14.9,Blue,Kollam,2026-10-01,Priya,Individual,Bank Transfer,2,2653000,80100,5145800,3060000,79600,2006200,4
CAR0638,Maruti Suzuki,Swift,Hatchback,2023,CNG,Automatic,1197,21.1,Grey,Mangaluru,2025-01-01,Vishnu,Fleet,Bank Transfer,1,1073000,37000,1036000,629400,42200,364400,2
CAR0639,Maruti Suzuki,Baleno,Hatchback,2026,Diesel,Manual,1197,22.7,Silver,Thrissur,2025-02-02,Vishnu,Corporate,Cash,4,1231000,33700,4789200,2822000,127300,1839900,4
CAR0640,Skoda,Slavia,Sedan,2024,Electric,Automatic,0,453.7,Blue,Kozhikode,2025-07-24,Akhil,Fleet,UPI,3,1774000,86600,5062200,2619300,88900,2354000,3
CAR0641,Honda,Amaze,Sedan,2023,Electric,Automatic,0,458.2,Red,Kannur,2026-03-14,Priya,Corporate,Cash,4,1149000,44500,4418000,2451200,140300,1826500,3
CAR0642,Tata,Nexon,SUV,2026,CNG,Automatic,1199,16.6,White,Coimbatore,2026-02-07,Arun,Corporate,Cash,2,1445000,15100,2859800,1531200,118000,1210600,2
CAR0643,Hyundai,i20,Hatchback,2026,Petrol,Manual,1197,19.6,Silver,Mumbai,2026-05-09,Adarsh,Fleet,Cash,3,1273000,23600,3748200,2096700,113700,1537800,3
CAR0644,Maruti Suzuki,Baleno,Hatchback,2025,Electric,Manual,0,290.9,Silver,Pune,2025-11-15,Sneha,Individual,Cash,1,1211000,65000,1146000,672000,19500,454500,2
CAR0645,Hyundai,Creta,SUV,2024,Petrol,Automatic,1497,18.7,Red,Kochi,2025-05-05,Priya,Fleet,Finance,3,1894000,149200,5234400,3066000,210700,1957700,5
CAR0646,Maruti Suzuki,Swift,Hatchback,2025,Petrol,Manual,1197,21.6,Black,Hyderabad,2026-07-14,Akhil,Corporate,Finance,2,1107000,33500,2147000,1308800,94000,744200,4
CAR0647,Honda,City,Sedan,2025,Petrol,Automatic,1498,17.7,Black,Kochi,2025-10-18,Neha,Fleet,UPI,4,1627000,60600,6265600,3592800,100400,2572400,2
CAR0648,Maruti Suzuki,Baleno,Hatchback,2025,Electric,Manual,0,333.1,Silver,Hyderabad,2026-05-31,Priya,Fleet,Bank Transfer,2,1137000,67600,2138800,1370600,36100,732100,4
CAR0649,Tata,Punch,SUV,2025,Diesel,Automatic,1199,18.4,Red,Thiruvananthapuram,2026-05-11,Neha,Fleet,Finance,4,1128000,59100,4275600,2490800,155000,1629800,3
CAR0650,Volkswagen,Virtus,Sedan,2026,CNG,Automatic,1498,18.2,White,Kochi,2025-01-31,Anjali,Corporate,Bank Transfer,2,1750000,99000,3302000,1880800,116800,1304400,3
CAR0651,Maruti Suzuki,Brezza,SUV,2025,Electric,Automatic,0,476.7,White,Kochi,2026-09-19,Neha,Fleet,Cash,3,1482000,102700,4137900,2415600,156800,1565500,3
CAR0652,Maruti Suzuki,Swift,Hatchback,2025,Electric,Manual,0,290.0,Black,Kollam,2026-05-18,Priya,Fleet,Bank Transfer,4,1139000,29400,4438400,2636800,124400,1677200,2
CAR0653,Toyota,Innova Crysta,SUV,2025,Petrol,Manual,2398,15.4,White,Kannur,2026-02-22,Sneha,Fleet,UPI,1,3852000,222500,3629500,2693000,133700,802800,3
CAR0654,Volkswagen,Virtus,Sedan,2026,CNG,Manual,1498,17.7,White,Chennai,2026-03-14,Sneha,Individual,Cash,4,1912000,95300,7266800,3620400,221800,3424600,5
CAR0655,Toyota,Fortuner,SUV,2025,CNG,Automatic,2755,13.6,Silver,Bengaluru,2026-01-02,Priya,Individual,Finance,1,5523000,116300,5406700,3100200,167800,2138700,5
CAR0656,Toyota,Fortuner,SUV,2025,Petrol,Automatic,2755,14.5,Grey,Kochi,2025-02-03,Sneha,Individual,Finance,3,5195000,124900,15210300,9876600,255300,5078400,2
CAR0657,Mahindra,XUV700,SUV,2023,Petrol,Manual,1997,14.7,Red,Mumbai,2026-09-20,Adarsh,Individual,Cash,1,2873000,125000,2748000,1429400,100900,1217700,5
CAR0658,Hyundai,Verna,Sedan,2025,Electric,Manual,0,393.3,White,Kochi,2025-01-27,Akhil,Fleet,UPI,2,1674000,117500,3113000,1714000,115600,1283400,2
CAR0659,Honda,City,Sedan,2025,Electric,Manual,0,460.4,White,Chennai,2025-05-01,Akhil,Individual,Cash,3,1682000,57200,4874400,2785800,107900,1980700,3
CAR0660,Kia,Sonet,SUV,2025,Petrol,Manual,1197,19.0,White,Thiruvananthapuram,2025-02-28,Priya,Individual,Finance,2,1452000,43200,2817600,1360000,93200,1364400,3
CAR0661,Honda,City,Sedan,2025,Petrol,Manual,1498,18.1,Silver,Hyderabad,2025-07-30,Adarsh,Corporate,Finance,4,1766000,118200,6591200,3707200,268700,2615300,4
CAR0662,Tata,Nexon,SUV,2026,Diesel,Automatic,1199,17.5,Silver,Delhi,2026-07-09,Rahul,Corporate,Cash,1,1374000,100300,1273700,757900,42900,472900,3
CAR0663,Kia,Seltos,SUV,2024,Diesel,Manual,1497,16.9,White,Thrissur,2026-03-27,Anjali,Fleet,UPI,4,2040000,23400,8066400,3890000,186400,3990000,4
CAR0664,Toyota,Fortuner,SUV,2024,Electric,Automatic,0,398.6,Red,Chennai,2025-02-15,Arun,Corporate,Cash,2,5038000,115400,9845200,6291800,163100,3390300,4
CAR0665,Skoda,Slavia,Sedan,2026,CNG,Automatic,1498,20.0,Blue,Thrissur,2025-01-29,Adarsh,Fleet,Cash,3,1927000,103100,5471700,2771700,210500,2489500,2
CAR0666,Honda,City,Sedan,2026,CNG,Automatic,1498,18.6,Red,Mumbai,2026-08-05,Vishnu,Individual,Cash,3,1637000,60100,4730700,2739300,202200,1789200,4
CAR0667,Toyota,Camry,Sedan,2026,CNG,Automatic,2487,18.7,White,Mumbai,2025-10-08,Priya,Individual,Cash,3,4693000,129200,13691400,7539900,522300,5629200,4
CAR0668,Tata,Punch,SUV,2026,Diesel,Manual,1199,18.8,Red,Kochi,2026-04-23,Priya,Individual,Cash,1,1129000,49200,1079800,665900,23300,390600,4
CAR0669,Kia,Sonet,SUV,2024,Petrol,Automatic,1197,18.1,Silver,Kollam,2026-05-22,Rahul,Individual,Cash,2,1409000,31300,2755400,1438000,95600,1221800,2
CAR0670,Kia,Seltos,SUV,2026,CNG,Manual,1497,16.7,White,Delhi,2025-09-23,Anjali,Individual,Bank Transfer,3,1790000,123800,4998600,2921100,156000,1921500,4
CAR0671,Toyota,Camry,Sedan,2025,Petrol,Manual,2487,19.1,Black,Kannur,2026-08-08,Neha,Corporate,Bank Transfer,3,5069000,292300,14330100,7103400,398300,6828400,2
CAR0672,Skoda,Slavia,Sedan,2026,CNG,Automatic,1498,20.1,Red,Kollam,2026-09-29,Neha,Individual,Cash,1,1781000,23400,1757600,929700,74400,753500,3
CAR0673,Kia,Seltos,SUV,2025,CNG,Automatic,1497,18.6,Blue,Kochi,2025-06-03,Adarsh,Individual,UPI,4,1989000,110300,7514800,3934800,328800,3251200,2
CAR0674,Toyota,Fortuner,SUV,2025,Electric,Manual,0,345.1,Blue,Kollam,2025-09-07,Meera,Fleet,Cash,3,5065000,322800,14226600,9371400,407900,4447300,3
CAR0675,Honda,Amaze,Sedan,2025,CNG,Manual,1199,18.7,Silver,Pune,2026-05-11,Priya,Individual,Bank Transfer,2,1153000,45300,2215400,1296000,88200,831200,5
CAR0676,Maruti Suzuki,Baleno,Hatchback,2025,CNG,Manual,1197,22.5,White,Bengaluru,2026-03-08,Anjali,Corporate,Cash,2,1174000,63700,2220600,1424200,93300,703100,3
CAR0677,Honda,Amaze,Sedan,2024,Electric,Manual,0,472.9,White,Mangaluru,2026-03-18,Rahul,Corporate,UPI,1,1192000,94500,1097500,619600,45000,432900,4
CAR0678,Honda,City,Sedan,2025,Diesel,Manual,1498,18.3,Silver,Mangaluru,2025-12-11,Akhil,Corporate,UPI,1,1835000,24200,1810800,912500,46400,851900,5
CAR0679,Tata,Nexon,SUV,2026,Diesel,Manual,1199,17.9,Black,Kochi,2026-08-31,Sneha,Fleet,Finance,3,1500000,62600,4312200,2187000,87500,2037700,2
CAR0680,Tata,Nexon,SUV,2025,Petrol,Automatic,1199,17.5,Silver,Kannur,2026-01-29,Adarsh,Fleet,Bank Transfer,3,1517000,116400,4201800,2124300,182200,1895300,5
CAR0681,Hyundai,i20,Hatchback,2025,CNG,Automatic,1197,19.0,Black,Thiruvananthapuram,2025-10-22,Vishnu,Corporate,Cash,3,1210000,31000,3537000,2009700,152700,1374600,3
CAR0682,Maruti Suzuki,Baleno,Hatchback,2023,Diesel,Manual,1197,21.6,Blue,Hyderabad,2025-07-19,Adarsh,Fleet,UPI,1,1160000,78400,1081600,683900,25400,372300,5
CAR0683,Maruti Suzuki,Baleno,Hatchback,2026,CNG,Manual,1197,24.0,Red,Bengaluru,2026-05-21,Anjali,Corporate,Cash,3,1095000,21400,3220800,2032500,112900,1075400,3
CAR0684,Tata,Punch,SUV,2024,CNG,Manual,1199,18.4,Grey,Delhi,2025-11-19,Sneha,Fleet,Cash,1,1051000,79100,971900,662600,23800,285500,2
CAR0685,Maruti Suzuki,Baleno,Hatchback,2025,Diesel,Automatic,1197,23.4,Red,Kozhikode,2026-05-12,Akhil,Fleet,Bank Transfer,2,1199000,35700,2326600,1343800,96000,886800,2
CAR0686,Toyota,Camry,Sedan,2025,Diesel,Manual,2487,19.6,Red,Delhi,2025-09-27,Vishnu,Individual,Finance,4,4936000,130500,19222000,9748800,594200,8879000,3
CAR0687,Mahindra,XUV700,SUV,2025,Electric,Automatic,0,429.4,Silver,Thiruvananthapuram,2025-08-13,Akhil,Corporate,Finance,1,2902000,211200,2690800,1524600,74200,1092000,3
CAR0688,Maruti Suzuki,Swift,Hatchback,2024,CNG,Automatic,1197,22.8,Grey,Bengaluru,2025-05-12,Adarsh,Individual,Finance,4,1163000,82000,4324000,2600400,154000,1569600,4
CAR0689,Hyundai,Creta,SUV,2026,Electric,Automatic,0,268.2,Silver,Pune,2025-11-22,Neha,Corporate,UPI,4,1890000,77400,7250400,3919600,307200,3023600,3
CAR0690,Toyota,Fortuner,SUV,2024,Electric,Manual,0,316.4,Blue,Thrissur,2025-04-23,Neha,Corporate,Cash,3,4982000,238100,14231700,9936300,222500,4072900,4
CAR0691,Kia,Sonet,SUV,2023,Petrol,Automatic,1197,18.2,Blue,Thrissur,2025-06-10,Adarsh,Corporate,UPI,4,1538000,40100,5991600,2856400,253600,2881600,3
CAR0692,Hyundai,Verna,Sedan,2026,Petrol,Manual,1497,20.4,Blue,Bengaluru,2026-05-12,Anjali,Individual,Cash,1,1587000,49400,1537600,818600,58700,660300,4
CAR0693,Honda,City,Sedan,2025,Diesel,Automatic,1498,18.5,White,Thiruvananthapuram,2025-03-17,Priya,Individual,UPI,4,1603000,99400,6014400,3579200,256000,2179200,3
CAR0694,Tata,Nexon,SUV,2026,Electric,Manual,0,403.7,Silver,Kollam,2026-04-15,Akhil,Corporate,Cash,2,1383000,107700,2550600,1496400,67100,987100,3
CAR0695,Kia,Sonet,SUV,2024,CNG,Manual,1197,19.1,Red,Kochi,2026-05-24,Sneha,Fleet,Cash,4,1556000,98600,5829600,2832000,166500,2831100,5
CAR0696,Mahindra,Thar,SUV,2025,Petrol,Automatic,2184,15.5,Black,Coimbatore,2025-03-27,Priya,Individual,Bank Transfer,1,2139000,52500,2086500,1241100,68400,777000,5
CAR0697,Mahindra,XUV700,SUV,2025,Diesel,Automatic,1997,14.2,Silver,Bengaluru,2025-11-15,Adarsh,Individual,Finance,3,2853000,35800,8451600,4539900,278600,3633100,3
CAR0698,Mahindra,XUV700,SUV,2025,CNG,Manual,1997,15.8,Silver,Chennai,2026-05-10,Rahul,Individual,Bank Transfer,1,2886000,114900,2771100,1421600,52100,1297400,2
CAR0699,Hyundai,Creta,SUV,2025,Petrol,Automatic,1497,17.0,Red,Kozhikode,2026-06-22,Vishnu,Individual,UPI,4,1823000,129800,6772800,3927200,103500,2742100,4
CAR0700,Kia,Seltos,SUV,2024,CNG,Manual,1497,17.8,Black,Kollam,2026-06-20,Neha,Corporate,UPI,2,2000000,153300,3693400,1856600,122400,1714400,3
CAR0701,Maruti Suzuki,Baleno,Hatchback,2024,Electric,Automatic,0,252.9,Black,Kozhikode,2026-04-27,Anjali,Individual,UPI,1,1241000,12900,1228100,707100,25800,495200,4
CAR0702,Toyota,Fortuner,SUV,2025,Diesel,Manual,2755,13.7,Silver,Pune,2025-01-15,Vishnu,Corporate,Finance,2,5088000,343200,9489600,6571600,308700,2609300,5
CAR0703,Kia,Sonet,SUV,2025,Diesel,Manual,1197,17.3,White,Delhi,2025-08-10,Priya,Fleet,UPI,3,1399000,69200,3989400,2000700,122400,1866300,4
CAR0704,Volkswagen,Virtus,Sedan,2025,Electric,Manual,0,312.8,Black,Thrissur,2025-04-04,Akhil,Individual,Bank Transfer,2,1728000,74800,3306400,1786000,57300,1463100,5
CAR0705,Mahindra,XUV700,SUV,2024,Petrol,Automatic,1997,14.5,Red,Coimbatore,2026-01-30,Vishnu,Fleet,Bank Transfer,4,2672000,183600,9953600,5830000,172700,3950900,3
CAR0706,Maruti Suzuki,Baleno,Hatchback,2026,Electric,Automatic,0,397.0,Grey,Thiruvananthapuram,2026-07-26,Sneha,Fleet,Finance,4,1186000,26600,4637600,2874400,188600,1574600,5
CAR0707,Skoda,Slavia,Sedan,2025,Diesel,Manual,1498,18.7,Grey,Kochi,2025-07-20,Priya,Corporate,Finance,4,1832000,43300,7154800,3595200,177800,3381800,2
CAR0708,Hyundai,i20,Hatchback,2023,CNG,Automatic,1197,20.3,White,Delhi,2025-09-17,Rahul,Corporate,UPI,3,1233000,96100,3410700,2146800,139500,1124400,5
CAR0709,Mahindra,XUV700,SUV,2025,Petrol,Manual,1997,14.2,Blue,Delhi,2025-06-06,Neha,Individual,UPI,2,2867000,55100,5623800,2945800,227100,2450900,2
CAR0710,Maruti Suzuki,Swift,Hatchback,2026,CNG,Manual,1197,23.7,Grey,Mumbai,2025-01-18,Akhil,Fleet,Finance,3,1163000,80700,3246900,1894800,117800,1234300,2
CAR0711,Honda,Amaze,Sedan,2026,Petrol,Manual,1199,17.6,Grey,Kollam,2025-03-27,Vishnu,Individual,Cash,2,1152000,33700,2236600,1247800,67500,921300,4
CAR0712,Kia,Sonet,SUV,2025,CNG,Manual,1197,18.1,Blue,Chennai,2025-04-01,Arun,Fleet,Cash,1,1549000,35300,1513700,664000,37100,812600,3
CAR0713,Hyundai,Creta,SUV,2025,Electric,Manual,0,274.4,Silver,Mangaluru,2025-07-15,Sneha,Fleet,Finance,2,1869000,68300,3601400,1937400,84200,1579800,5
CAR0714,Hyundai,Creta,SUV,2024,Diesel,Automatic,1497,17.3,Silver,Delhi,2026-03-27,Arun,Fleet,UPI,3,1811000,63100,5243700,2929200,200200,2114300,3
CAR0715,Volkswagen,Virtus,Sedan,2025,Diesel,Automatic,1498,19.1,Silver,Pune,2025-10-23,Vishnu,Corporate,Cash,2,1778000,138300,3279400,1890800,122300,1266300,3
CAR0716,Hyundai,Creta,SUV,2025,Petrol,Manual,1497,18.9,Red,Kozhikode,2026-04-24,Arun,Fleet,Cash,3,1885000,68700,5448900,2996400,87300,2365200,4
CAR0717,Maruti Suzuki,Brezza,SUV,2025,CNG,Manual,1462,19.4,Black,Kannur,2025-11-10,Meera,Corporate,UPI,2,1558000,35900,3044200,1601600,119600,1323000,5
CAR0718,Hyundai,Verna,Sedan,2024,CNG,Automatic,1497,19.8,Grey,Bengaluru,2025-11-04,Akhil,Fleet,Cash,1,1775000,126800,1648200,863900,69300,715000,5
CAR0719,Hyundai,i20,Hatchback,2026,Electric,Manual,0,427.9,Blue,Kozhikode,2025-11-04,Rahul,Individual,Cash,2,1288000,64100,2447800,1335600,85400,1026800,4
CAR0720,Tata,Harrier,SUV,2025,Diesel,Manual,1956,16.7,Black,Kozhikode,2025-11-05,Arun,Individual,Bank Transfer,3,2283000,60600,6667200,4033500,118000,2515700,4
CAR0721,Mahindra,XUV700,SUV,2024,Petrol,Automatic,1997,14.9,Grey,Thrissur,2026-04-29,Akhil,Individual,Finance,4,2852000,169500,10730000,6098000,191800,4440200,3
CAR0722,Tata,Punch,SUV,2026,Electric,Manual,0,429.1,Silver,Chennai,2026-08-24,Anjali,Corporate,Cash,1,1020000,53600,966400,660900,25200,280300,5
CAR0723,Hyundai,Verna,Sedan,2024,Diesel,Automatic,1497,18.5,Red,Thiruvananthapuram,2025-12-14,Akhil,Corporate,Cash,4,1702000,67700,6537200,3292800,173900,3070500,4
CAR0724,Maruti Suzuki,Brezza,SUV,2024,Petrol,Manual,1462,19.7,Silver,Pune,2025-04-14,Meera,Corporate,UPI,4,1631000,17700,6453200,3304400,208100,2940700,2
CAR0725,Honda,City,Sedan,2025,Petrol,Automatic,1498,17.4,Grey,Pune,2025-04-29,Akhil,Corporate,Cash,4,1717000,111000,6424000,3640400,259000,2524600,3
CAR0726,Kia,Sonet,SUV,2026,Petrol,Automatic,1197,17.4,Grey,Mumbai,2025-09-22,Anjali,Corporate,Finance,2,1468000,77800,2780400,1438200,78000,1264200,2
CAR0727,Mahindra,XUV700,SUV,2025,Petrol,Automatic,1997,15.7,Silver,Bengaluru,2025-12-12,Neha,Corporate,Cash,3,2828000,32900,8385300,4350300,199500,3835500,5
CAR0728,Tata,Nexon,SUV,2025,Petrol,Manual,1199,17.1,Blue,Delhi,2026-02-10,Neha,Corporate,UPI,2,1399000,66400,2665200,1429000,51500,1184700,4
CAR0729,Mahindra,Thar,SUV,2025,Diesel,Automatic,2184,16.0,White,Thiruvananthapuram,2025-12-01,Neha,Individual,UPI,3,1985000,104500,5641500,3644700,222100,1774700,2
CAR0730,Tata,Nexon,SUV,2025,Petrol,Automatic,1199,16.7,Grey,Pune,2025-03-23,Neha,Fleet,Bank Transfer,4,1559000,102200,5827200,2991200,261300,2574700,2
CAR0731,Volkswagen,Virtus,Sedan,2025,Electric,Manual,0,332.4,Silver,Hyderabad,2025-02-16,Vishnu,Individual,UPI,4,1921000,110400,7242400,3675600,197100,3369700,3
CAR0732,Hyundai,i20,Hatchback,2025,CNG,Manual,1197,19.0,White,Delhi,2025-11-29,Adarsh,Fleet,UPI,2,1139000,34300,2209400,1415600,88000,705800,4
CAR0733,Honda,City,Sedan,2025,Petrol,Automatic,1498,17.5,Silver,Mangaluru,2026-04-01,Akhil,Fleet,UPI,2,1708000,105900,3204200,1730000,115100,1359100,4
CAR0734,Toyota,Fortuner,SUV,2025,Petrol,Automatic,2755,14.6,White,Thrissur,2026-06-27,Priya,Individual,Bank Transfer,3,5109000,319600,14368200,9457500,417000,4493700,4
CAR0735,Honda,Amaze,Sedan,2025,Petrol,Automatic,1199,19.2,Blue,Delhi,2026-05-18,Sneha,Individual,Cash,2,1141000,54300,2173400,1271200,94500,807700,5
CAR0736,Hyundai,Creta,SUV,2026,CNG,Manual,1497,17.3,Grey,Bengaluru,2026-07-18,Adarsh,Corporate,Cash,4,1880000,47500,7330000,4120000,171300,3038700,4
CAR0737,Kia,Sonet,SUV,2025,Diesel,Automatic,1197,19.0,Red,Kollam,2026-04-06,Anjali,Corporate,UPI,2,1551000,34800,3032400,1356400,93900,1582100,3
CAR0738,Honda,City,Sedan,2025,Electric,Automatic,0,542.3,Black,Pune,2025-01-30,Neha,Fleet,UPI,2,1631000,87100,3087800,1871800,101900,1114100,2
CAR0739,Skoda,Slavia,Sedan,2024,Electric,Automatic,0,455.3,White,Delhi,2026-09-08,Meera,Corporate,Bank Transfer,4,1882000,132600,6997600,3690000,138800,3168800,3
CAR0740,Hyundai,Creta,SUV,2024,CNG,Manual,1497,17.1,Black,Mumbai,2026-04-18,Rahul,Corporate,Cash,4,1851000,96700,7017200,4156000,273000,2588200,4
CAR0741,Hyundai,Verna,Sedan,2025,Petrol,Manual,1497,18.4,Grey,Pune,2026-02-21,Meera,Fleet,Cash,4,1750000,26100,6895600,3338000,157200,3400400,2
CAR0742,Mahindra,XUV700,SUV,2026,Petrol,Automatic,1997,14.6,Grey,Coimbatore,2025-02-10,Vishnu,Individual,Cash,3,2689000,201500,7462500,4513200,210500,2738800,3
CAR0743,Volkswagen,Virtus,Sedan,2026,Petrol,Automatic,1498,18.5,Red,Pune,2025-12-14,Meera,Fleet,Cash,2,1922000,126300,3591400,1826000,64300,1701100,5
CAR0744,Hyundai,Verna,Sedan,2026,CNG,Automatic,1497,19.1,Silver,Coimbatore,2026-04-07,Neha,Corporate,Cash,3,1682000,86800,4785600,2591100,93000,2101500,3
CAR0745,Volkswagen,Virtus,Sedan,2025,CNG,Manual,1498,17.6,Blue,Pune,2025-11-09,Akhil,Individual,Bank Transfer,4,1872000,106900,7060400,3630800,276500,3153100,4
CAR0746,Hyundai,i20,Hatchback,2025,Petrol,Automatic,1197,20.8,Black,Mumbai,2025-01-13,Rahul,Corporate,Bank Transfer,3,1189000,54200,3404400,2156700,103800,1143900,4
CAR0747,Volkswagen,Virtus,Sedan,2026,CNG,Automatic,1498,18.1,Red,Pune,2025-06-23,Sneha,Corporate,Bank Transfer,4,1736000,126400,6438400,3577600,279500,2581300,4
CAR0748,Hyundai,Verna,Sedan,2024,Petrol,Automatic,1497,20.0,Red,Chennai,2026-08-07,Arun,Individual,Bank Transfer,1,1745000,120800,1624200,865600,49900,708700,4
CAR0749,Honda,City,Sedan,2025,CNG,Automatic,1498,17.8,Blue,Hyderabad,2026-07-05,Sneha,Corporate,Bank Transfer,1,1829000,25500,1803500,897000,40500,866000,3
CAR0750,Mahindra,Thar,SUV,2024,CNG,Manual,2184,15.3,Grey,Thrissur,2025-03-07,Anjali,Fleet,UPI,2,2128000,30300,4195400,2310600,136600,1748200,5
CAR0751,Kia,Sonet,SUV,2026,Petrol,Manual,1197,17.8,Black,Chennai,2025-04-30,Priya,Corporate,Finance,4,1380000,32900,5388400,2784000,115600,2488800,2
CAR0752,Honda,Amaze,Sedan,2026,Petrol,Automatic,1199,19.1,Grey,Thrissur,2026-08-27,Adarsh,Fleet,Bank Transfer,4,1241000,34300,4826800,2550000,111600,2165200,4
CAR0753,Mahindra,XUV700,SUV,2025,CNG,Manual,1997,14.6,Silver,Kollam,2026-07-29,Meera,Individual,Finance,3,2775000,49400,8176800,4570500,167300,3439000,5
CAR0754,Maruti Suzuki,Brezza,SUV,2024,Electric,Manual,0,451.9,Red,Kannur,2026-07-06,Anjali,Corporate,Finance,2,1499000,26400,2945200,1637400,71300,1236500,5
CAR0755,Tata,Nexon,SUV,2026,Diesel,Manual,1199,17.5,Silver,Kozhikode,2025-07-16,Vishnu,Fleet,UPI,4,1523000,106100,5667600,3003200,111700,2552700,5
CAR0756,Hyundai,Verna,Sedan,2026,Electric,Automatic,0,530.3,Silver,Kozhikode,2025-11-10,Arun,Fleet,UPI,3,1719000,117000,4806000,2477400,116500,2212100,5
CAR0757,Honda,City,Sedan,2023,Electric,Manual,0,356.1,Red,Coimbatore,2025-10-08,Akhil,Corporate,Cash,1,1793000,43300,1749700,905600,39700,804400,4
CAR0758,Honda,City,Sedan,2024,Diesel,Automatic,1498,18.4,Silver,Thiruvananthapuram,2025-03-18,Sneha,Individual,UPI,2,1636000,99100,3073800,1861400,100800,1111600,5
CAR0759,Hyundai,i20,Hatchback,2026,Electric,Manual,0,267.8,Grey,Kannur,2025-10-10,Rahul,Individual,Finance,3,1202000,35900,3498300,2073000,144900,1280400,5
CAR0760,Maruti Suzuki,Baleno,Hatchback,2025,Diesel,Automatic,1197,23.1,Black,Kannur,2026-08-10,Meera,Individual,Finance,3,1171000,78700,3276900,2118900,63000,1095000,4
CAR0761,Hyundai,Creta,SUV,2024,Electric,Automatic,0,318.3,Silver,Thrissur,2025-09-23,Arun,Corporate,UPI,3,1947000,146600,5401200,2862000,185100,2354100,5
CAR0762,Kia,Seltos,SUV,2023,CNG,Automatic,1497,16.7,White,Hyderabad,2025-12-01,Adarsh,Individual,Cash,4,1861000,62100,7195600,3597600,124200,3473800,3
CAR0763,Toyota,Camry,Sedan,2025,Electric,Manual,0,433.0,White,Coimbatore,2026-03-18,Priya,Corporate,Cash,3,4825000,348600,13429200,7795800,262800,5370600,3
CAR0764,Tata,Punch,SUV,2025,Electric,Automatic,0,516.8,Blue,Kollam,2025-01-07,Sneha,Individual,Finance,4,990000,25500,3858000,2555200,87800,1215000,5
CAR0765,Volkswagen,Virtus,Sedan,2026,Diesel,Manual,1498,17.3,Black,Kollam,2025-07-05,Neha,Fleet,Finance,1,1699000,88600,1610400,973200,61800,575400,2
CAR0766,Tata,Punch,SUV,2026,Diesel,Manual,1199,18.2,Red,Kollam,2025-08-27,Meera,Individual,UPI,2,1101000,13100,2175800,1336000,94300,745500,2
CAR0767,Hyundai,Creta,SUV,2025,Electric,Manual,0,381.6,Black,Coimbatore,2026-01-25,Anjali,Individual,Bank Transfer,1,1811000,40300,1770700,1031300,65000,674400,3
CAR0768,Mahindra,XUV700,SUV,2025,CNG,Automatic,1997,15.4,Red,Thrissur,2025-08-04,Akhil,Corporate,Cash,1,2840000,99900,2740100,1448300,50300,1241500,2
CAR0769,Honda,Amaze,Sedan,2025,Petrol,Automatic,1199,18.3,White,Bengaluru,2025-11-04,Neha,Corporate,Cash,2,1242000,19800,2444400,1305600,65200,1073600,4
CAR0770,Toyota,Fortuner,SUV,2024,Diesel,Manual,2755,13.8,Black,Hyderabad,2025-06-09,Priya,Fleet,Finance,2,5394000,341800,10104400,6055200,394800,3654400,4
CAR0771,Honda,Amaze,Sedan,2026,Electric,Manual,0,301.7,Grey,Coimbatore,2025-07-05,Vishnu,Corporate,UPI,3,1223000,21600,3604200,1864800,107900,1631500,4
CAR0772,Skoda,Slavia,Sedan,2024,Petrol,Automatic,1498,18.6,White,Delhi,2025-05-28,Neha,Individual,Cash,4,1751000,63700,6749200,3599600,207600,2942000,2
CAR0773,Hyundai,Verna,Sedan,2023,Petrol,Automatic,1497,18.7,Red,Bengaluru,2026-07-04,Neha,Corporate,Finance,4,1582000,82600,5997600,3412400,146000,2439200,3
CAR0774,Kia,Sonet,SUV,2025,Petrol,Manual,1197,18.2,Black,Thrissur,2026-06-12,Priya,Fleet,UPI,2,1527000,30500,2993000,1408200,111600,1473200,4
CAR0775,Maruti Suzuki,Swift,Hatchback,2024,CNG,Automatic,1197,21.6,Silver,Delhi,2026-04-19,Arun,Fleet,Cash,3,1151000,22100,3386700,1915200,118000,1353500,5
CAR0776,Hyundai,Creta,SUV,2026,Petrol,Manual,1497,17.2,Black,Kozhikode,2026-02-11,Sneha,Fleet,UPI,3,1789000,78100,5132700,3077400,105900,1949400,5
CAR0777,Mahindra,Thar,SUV,2025,Electric,Automatic,0,285.3,Grey,Coimbatore,2026-06-11,Neha,Corporate,UPI,3,2073000,150200,5768400,3475800,226200,2066400,2
CAR0778,Kia,Seltos,SUV,2024,CNG,Manual,1497,17.5,Blue,Kozhikode,2025-04-07,Meera,Individual,Finance,2,2045000,139300,3811400,1808800,138700,1863900,4
CAR0779,Honda,Amaze,Sedan,2025,Petrol,Manual,1199,19.6,Red,Mangaluru,2026-06-08,Priya,Fleet,Finance,2,1104000,63600,2080800,1322800,43600,714400,3
CAR0780,Kia,Seltos,SUV,2025,CNG,Manual,1497,17.8,Silver,Kozhikode,2025-04-13,Sneha,Fleet,Bank Transfer,2,1955000,137100,3635800,1829000,156000,1650800,5
CAR0781,Hyundai,i20,Hatchback,2023,Electric,Automatic,0,338.9,Red,Chennai,2025-11-26,Priya,Fleet,Finance,2,1249000,38700,2420600,1326400,87700,1006500,3
CAR0782,Skoda,Slavia,Sedan,2026,Petrol,Manual,1498,19.6,Black,Chennai,2025-06-14,Sneha,Individual,Finance,2,1840000,38900,3602200,1767400,117900,1716900,2
CAR0783,Hyundai,i20,Hatchback,2024,Electric,Manual,0,287.0,Black,Chennai,2025-05-26,Meera,Individual,UPI,3,1256000,13500,3727500,1998600,90700,1638200,3
CAR0784,Tata,Nexon,SUV,2026,Electric,Automatic,0,296.1,Silver,Kochi,2026-01-26,Sneha,Fleet,UPI,3,1386000,59100,3980700,2246700,164400,1569600,4
CAR0785,Kia,Seltos,SUV,2024,CNG,Automatic,1497,17.2,Grey,Bengaluru,2026-03-08,Akhil,Corporate,Finance,1,1956000,138000,1818000,919600,66800,831600,4
CAR0786,Hyundai,i20,Hatchback,2026,Petrol,Automatic,1197,18.8,Black,Mumbai,2026-05-22,Priya,Fleet,UPI,2,1227000,69400,2315200,1330600,89000,895600,5
CAR0787,Kia,Seltos,SUV,2026,Electric,Manual,0,262.6,Blue,Mangaluru,2025-04-11,Arun,Fleet,UPI,1,1817000,115300,1701700,927300,59900,714500,5
CAR0788,Tata,Harrier,SUV,2025,Electric,Manual,0,505.7,Red,Mangaluru,2026-03-19,Meera,Corporate,UPI,1,2329000,52800,2276200,1404300,56600,815300,2
CAR0789,Hyundai,i20,Hatchback,2025,CNG,Manual,1197,19.6,Silver,Chennai,2025-02-18,Neha,Individual,Finance,3,1205000,95600,3328200,2029200,129200,1169800,5
CAR0790,Maruti Suzuki,Brezza,SUV,2026,Petrol,Manual,1462,19.4,Silver,Mangaluru,2025-11-10,Sneha,Fleet,Bank Transfer,1,1655000,27000,1628000,833500,54800,739700,5
CAR0791,Hyundai,i20,Hatchback,2026,Electric,Automatic,0,355.2,Silver,Coimbatore,2025-06-13,Akhil,Fleet,Finance,2,1182000,21000,2322000,1397400,98100,826500,3
CAR0792,Skoda,Slavia,Sedan,2025,Diesel,Automatic,1498,18.1,Silver,Kozhikode,2025-12-15,Sneha,Corporate,Cash,3,1842000,137200,5114400,2565900,223400,2325100,4
CAR0793,Mahindra,Thar,SUV,2026,Diesel,Automatic,2184,15.3,White,Chennai,2025-08-18,Arun,Individual,Finance,2,2046000,52800,3986400,2411400,85600,1489400,3
CAR0794,Skoda,Slavia,Sedan,2025,Electric,Manual,0,374.4,Red,Kozhikode,2026-06-16,Akhil,Fleet,Finance,4,1901000,137300,7054800,3736400,263900,3054500,4
CAR0795,Tata,Harrier,SUV,2025,Diesel,Automatic,1956,16.4,White,Delhi,2025-05-18,Adarsh,Individual,Cash,3,2545000,201200,7031400,4051800,219000,2760600,5
CAR0796,Tata,Punch,SUV,2024,Diesel,Manual,1199,19.4,Red,Kollam,2026-08-12,Adarsh,Individual,Cash,1,1055000,42900,1012100,649400,17100,345600,5
CAR0797,Toyota,Fortuner,SUV,2026,Electric,Manual,0,510.3,White,Pune,2025-12-29,Rahul,Individual,UPI,1,5583000,163700,5419300,3088600,227000,2103700,5
CAR0798,Honda,City,Sedan,2024,Electric,Automatic,0,342.9,Silver,Thrissur,2026-08-07,Priya,Individual,Cash,4,1632000,78000,6216000,3629200,151900,2434900,4
CAR0799,Maruti Suzuki,Swift,Hatchback,2026,Petrol,Automatic,1197,22.7,Grey,Kozhikode,2025-07-19,Neha,Individual,UPI,2,1185000,76000,2218000,1350600,88900,778500,2
CAR0800,Toyota,Camry,Sedan,2023,Electric,Automatic,0,422.2,Red,Bengaluru,2026-05-01,Anjali,Corporate,Finance,2,5081000,115900,9930200,4855600,201800,4872800,5
CAR0801,Maruti Suzuki,Brezza,SUV,2024,Diesel,Manual,1462,19.2,Silver,Chennai,2025-04-07,Arun,Corporate,Cash,3,1461000,76600,4153200,2647500,69700,1436000,3
CAR0802,Kia,Seltos,SUV,2023,CNG,Manual,1497,17.5,Blue,Mumbai,2026-01-19,Rahul,Individual,Finance,1,2040000,47300,1992700,952000,40800,999900,2
CAR0803,Skoda,Slavia,Sedan,2025,Diesel,Manual,1498,19.9,Blue,Kozhikode,2026-04-01,Anjali,Individual,Finance,1,1900000,143400,1756600,925900,68200,762500,4
CAR0804,Tata,Harrier,SUV,2025,Diesel,Automatic,1956,17.6,Black,Mumbai,2025-06-08,Neha,Corporate,Cash,3,2571000,192800,7134600,4178100,190200,2766300,2
CAR0805,Hyundai,Verna,Sedan,2025,Diesel,Automatic,1497,20.7,Black,Coimbatore,2026-02-18,Neha,Fleet,Cash,1,1634000,121200,1512800,877300,59500,576000,2
CAR0806,Kia,Seltos,SUV,2025,Electric,Manual,0,477.1,Silver,Kannur,2025-05-19,Arun,Corporate,Cash,4,1989000,60700,7713200,3810000,209200,3694000,5
CAR0807,Mahindra,XUV700,SUV,2024,Electric,Automatic,0,432.9,Red,Coimbatore,2025-10-22,Arun,Fleet,Bank Transfer,1,2737000,35300,2701700,1552000,65400,1084300,4
CAR0808,Kia,Sonet,SUV,2023,CNG,Automatic,1197,17.9,Blue,Kochi,2026-03-21,Neha,Corporate,Bank Transfer,2,1466000,84600,2762800,1322200,59200,1381400,3
CAR0809,Toyota,Camry,Sedan,2025,Electric,Manual,0,312.0,White,Bengaluru,2025-07-30,Sneha,Corporate,Bank Transfer,1,5133000,53000,5080000,2410100,200200,2469700,5
CAR0810,Tata,Harrier,SUV,2026,Electric,Manual,0,263.4,Blue,Thrissur,2026-09-29,Vishnu,Fleet,Finance,3,2552000,101100,7352700,4187700,300800,2864200,3
CAR0811,Honda,Amaze,Sedan,2025,Electric,Automatic,0,497.1,Silver,Mangaluru,2025-07-14,Anjali,Corporate,Bank Transfer,4,1122000,12000,4440000,2624000,72200,1743800,3
CAR0812,Maruti Suzuki,Swift,Hatchback,2024,Electric,Automatic,0,270.0,Black,Delhi,2025-09-20,Anjali,Individual,UPI,4,1078000,32400,4182400,2666400,95500,1420500,3
CAR0813,Kia,Sonet,SUV,2026,Diesel,Manual,1197,17.4,Red,Chennai,2025-04-22,Priya,Individual,Bank Transfer,1,1409000,96300,1312700,670900,49700,592100,5
CAR0814,Tata,Harrier,SUV,2025,Diesel,Manual,1956,16.7,Grey,Hyderabad,2025-07-13,Meera,Corporate,Bank Transfer,2,2500000,32700,4934600,2636000,96600,2202000,4
CAR0815,Hyundai,Creta,SUV,2026,Petrol,Manual,1497,17.8,Silver,Hyderabad,2025-03-07,Priya,Corporate,Cash,2,1835000,43300,3583400,2011600,100900,1470900,3
CAR0816,Kia,Seltos,SUV,2024,Diesel,Automatic,1497,16.9,White,Thiruvananthapuram,2025-03-08,Rahul,Corporate,Finance,4,1924000,21600,7609600,3845600,279400,3484600,2
CAR0817,Maruti Suzuki,Swift,Hatchback,2025,Petrol,Manual,1197,22.1,Red,Coimbatore,2026-08-04,Vishnu,Individual,UPI,1,1166000,73900,1092100,613300,34300,444500,5
CAR0818,Skoda,Slavia,Sedan,2025,Diesel,Automatic,1498,19.4,Silver,Pune,2026-04-11,Akhil,Individual,Finance,4,1977000,41000,7744000,3577200,199800,3967000,3
CAR0819,Hyundai,i20,Hatchback,2026,CNG,Automatic,1197,20.6,Silver,Kozhikode,2025-02-13,Akhil,Individual,Finance,4,1197000,85700,4445200,2870400,198400,1376400,3
CAR0820,Honda,Amaze,Sedan,2026,Electric,Automatic,0,470.0,Red,Chennai,2026-01-08,Priya,Individual,Bank Transfer,3,1133000,43000,3270000,1974000,69300,1226700,3
CAR0821,Tata,Harrier,SUV,2026,Electric,Automatic,0,362.4,Black,Bengaluru,2025-05-25,Sneha,Fleet,UPI,4,2293000,127600,8661600,5432000,346300,2883300,2
CAR0822,Hyundai,Creta,SUV,2024,Diesel,Automatic,1497,18.3,Black,Chennai,2025-01-25,Priya,Fleet,Bank Transfer,2,1889000,107100,3563800,1934600,133200,1496000,5
CAR0823,Hyundai,Creta,SUV,2024,CNG,Manual,1497,17.9,Red,Kannur,2026-09-18,Neha,Individual,Finance,1,1966000,128000,1838000,948600,28000,861400,2
CAR0824,Tata,Harrier,SUV,2024,Diesel,Automatic,1956,17.7,White,Kannur,2026-10-01,Adarsh,Corporate,Finance,3,2452000,166700,6855900,4147500,247600,2460800,2
CAR0825,Maruti Suzuki,Brezza,SUV,2026,Diesel,Manual,1462,19.0,Blue,Mumbai,2026-02-24,Meera,Individual,Cash,2,1579000,85300,2987400,1717000,70000,1200400,3
CAR0826,Maruti Suzuki,Swift,Hatchback,2026,Diesel,Automatic,1197,23.4,Red,Chennai,2025-06-24,Arun,Fleet,Bank Transfer,1,1124000,89000,1035000,634600,29200,371200,5
CAR0827,Mahindra,XUV700,SUV,2026,CNG,Manual,1997,15.7,Silver,Thiruvananthapuram,2025-07-01,Vishnu,Fleet,Bank Transfer,2,2774000,159300,5229400,3095000,95900,2038500,4
CAR0828,Toyota,Camry,Sedan,2025,Electric,Automatic,0,254.8,Black,Kannur,2025-09-16,Sneha,Corporate,Bank Transfer,2,4857000,382500,8949000,5152200,140500,3656300,2
CAR0829,Tata,Nexon,SUV,2024,Electric,Automatic,0,351.3,Grey,Coimbatore,2026-04-15,Akhil,Individual,Cash,1,1431000,17500,1413500,770400,60500,582600,4
CAR0830,Hyundai,Creta,SUV,2026,Electric,Automatic,0,366.5,Grey,Bengaluru,2025-12-10,Vishnu,Corporate,Bank Transfer,3,2000000,139500,5581500,3055200,151900,2374400,4
CAR0831,Kia,Sonet,SUV,2024,CNG,Automatic,1197,17.7,Grey,Thiruvananthapuram,2025-11-23,Rahul,Individual,Finance,1,1368000,26000,1342000,711300,29900,600800,2
CAR0832,Volkswagen,Virtus,Sedan,2026,Petrol,Manual,1498,18.8,Grey,Kochi,2025-12-16,Arun,Corporate,Cash,1,1731000,93200,1637800,975800,47200,614800,2
CAR0833,Maruti Suzuki,Baleno,Hatchback,2024,Petrol,Manual,1197,22.0,White,Bengaluru,2025-08-27,Priya,Corporate,Bank Transfer,2,1089000,16900,2144200,1360800,66200,717200,5
CAR0834,Maruti Suzuki,Brezza,SUV,2025,Petrol,Manual,1462,19.7,White,Kozhikode,2025-07-22,Rahul,Fleet,Cash,3,1488000,71300,4250100,2645100,153000,1452000,3
CAR0835,Tata,Punch,SUV,2026,Diesel,Automatic,1199,18.1,Blue,Bengaluru,2026-06-03,Rahul,Individual,Finance,3,1019000,28100,2972700,1900200,66100,1006400,4
CAR0836,Toyota,Camry,Sedan,2023,Electric,Manual,0,353.3,Blue,Coimbatore,2026-03-17,Priya,Fleet,Cash,1,4965000,362000,4603000,2461500,204000,1937500,4
CAR0837,Tata,Harrier,SUV,2025,Petrol,Automatic,1956,16.9,Red,Kannur,2026-05-07,Arun,Individual,Bank Transfer,3,2424000,153800,6810600,4079700,306300,2424600,3
CAR0838,Tata,Harrier,SUV,2025,Electric,Automatic,0,347.3,Red,Mangaluru,2026-04-21,Rahul,Individual,Finance,4,2307000,142200,8659200,5480000,376600,2802600,5
CAR0839,Honda,City,Sedan,2025,Electric,Manual,0,487.4,Black,Mumbai,2025-07-08,Rahul,Individual,UPI,2,1621000,60600,3120800,1719000,78400,1323400,5
CAR0840,Tata,Nexon,SUV,2026,CNG,Automatic,1199,16.8,Blue,Delhi,2026-05-27,Neha,Corporate,Cash,4,1451000,101000,5400000,2966400,188900,2244700,2
CAR0841,Mahindra,XUV700,SUV,2025,Diesel,Automatic,1997,14.5,Black,Bengaluru,2026-05-18,Priya,Fleet,UPI,1,2900000,157200,2742800,1460800,66700,1215300,2
CAR0842,Maruti Suzuki,Baleno,Hatchback,2025,CNG,Manual,1197,23.5,Silver,Mumbai,2026-04-30,Meera,Fleet,Bank Transfer,1,1084000,38900,1045100,675200,45300,324600,4
CAR0843,Hyundai,i20,Hatchback,2025,CNG,Manual,1197,20.5,Silver,Coimbatore,2026-08-10,Neha,Fleet,UPI,2,1247000,65700,2362600,1429800,53100,879700,2
CAR0844,Kia,Seltos,SUV,2026,Electric,Automatic,0,475.1,White,Hyderabad,2026-05-18,Vishnu,Corporate,UPI,4,1946000,140800,7220800,3936000,165900,3118900,3
CAR0845,Maruti Suzuki,Baleno,Hatchback,2025,Petrol,Manual,1197,22.8,Grey,Kochi,2025-12-02,Priya,Corporate,UPI,3,1214000,53100,3482700,2004600,80700,1397400,4
CAR0846,Kia,Sonet,SUV,2024,Diesel,Manual,1197,19.2,Silver,Delhi,2025-03-04,Vishnu,Fleet,Cash,2,1469000,66500,2805000,1350800,73700,1380500,4
CAR0847,Hyundai,Creta,SUV,2024,Petrol,Automatic,1497,17.0,White,Kannur,2026-04-22,Meera,Corporate,Cash,2,1905000,70000,3670000,1911400,103900,1654700,4
CAR0848,Hyundai,i20,Hatchback,2024,Electric,Manual,0,335.4,Silver,Kochi,2025-05-07,Akhil,Fleet,UPI,1,1274000,62000,1212000,683800,29600,498600,2
CAR0849,Tata,Punch,SUV,2025,CNG,Manual,1199,19.2,Grey,Kollam,2025-11-28,Rahul,Individual,Cash,1,1117000,15500,1101500,657600,20900,423000,3
CAR0850,Maruti Suzuki,Swift,Hatchback,2025,Diesel,Automatic,1197,21.3,Silver,Kannur,2025-03-25,Adarsh,Corporate,UPI,4,1087000,16200,4283200,2548000,72200,1663000,3
CAR0851,Toyota,Camry,Sedan,2026,Electric,Automatic,0,297.7,Black,Thrissur,2025-02-27,Rahul,Individual,Bank Transfer,1,4547000,313800,4233200,2406400,68900,1757900,3
CAR0852,Kia,Seltos,SUV,2024,Electric,Automatic,0,476.8,White,Hyderabad,2025-10-24,Sneha,Individual,Cash,4,1792000,107600,6737600,3729600,114800,2893200,3
CAR0853,Volkswagen,Virtus,Sedan,2025,CNG,Automatic,1498,18.4,Blue,Mangaluru,2025-06-18,Adarsh,Corporate,Finance,4,1746000,83000,6652000,3919600,248300,2484100,4
CAR0854,Honda,City,Sedan,2024,Diesel,Automatic,1498,18.3,Silver,Thrissur,2025-12-01,Rahul,Fleet,UPI,3,1691000,93900,4791300,2659800,135900,1995600,3
CAR0855,Maruti Suzuki,Swift,Hatchback,2023,Petrol,Manual,1197,23.1,Black,Coimbatore,2026-08-07,Sneha,Corporate,UPI,3,1162000,66500,3286500,2005800,129900,1150800,2
CAR0856,Volkswagen,Virtus,Sedan,2026,CNG,Manual,1498,17.4,Silver,Kochi,2025-08-10,Priya,Corporate,UPI,2,1909000,46700,3724600,1965800,99300,1659500,5
CAR0857,Maruti Suzuki,Brezza,SUV,2026,Electric,Automatic,0,418.2,Grey,Mangaluru,2025-09-12,Vishnu,Individual,Finance,1,1591000,114400,1476600,871500,49600,555500,2
CAR0858,Mahindra,Thar,SUV,2025,Diesel,Automatic,2184,14.5,Black,Pune,2025-07-15,Vishnu,Corporate,Cash,4,2192000,79100,8451600,4646400,292500,3512700,2
CAR0859,Maruti Suzuki,Baleno,Hatchback,2024,Diesel,Manual,1197,21.9,Red,Kozhikode,2025-01-15,Arun,Fleet,Finance,1,1095000,28900,1066100,718900,34500,312700,4
CAR0860,Volkswagen,Virtus,Sedan,2025,Diesel,Automatic,1498,17.4,Grey,Bengaluru,2025-01-31,Vishnu,Fleet,Cash,1,1817000,123800,1693200,932200,74800,686200,2
CAR0861,Tata,Nexon,SUV,2025,Diesel,Manual,1199,18.0,Grey,Kollam,2025-07-12,Sneha,Fleet,UPI,2,1503000,100300,2805400,1559400,45800,1200200,5
CAR0862,Toyota,Fortuner,SUV,2024,Petrol,Automatic,2755,14.6,Red,Hyderabad,2025-06-17,Rahul,Fleet,Finance,3,5367000,193200,15521400,9552900,300700,5667800,5
CAR0863,Volkswagen,Virtus,Sedan,2025,Electric,Automatic,0,545.1,Black,Mangaluru,2026-05-22,Meera,Corporate,Finance,4,1783000,71700,6845200,3800800,284400,2760000,5
CAR0864,Kia,Sonet,SUV,2026,Diesel,Automatic,1197,19.1,Blue,Mangaluru,2025-05-29,Anjali,Individual,Bank Transfer,3,1473000,100500,4117500,2007600,160400,1949500,5
CAR0865,Honda,Amaze,Sedan,2026,Petrol,Manual,1199,18.6,Silver,Hyderabad,2025-06-18,Sneha,Corporate,UPI,2,1191000,77600,2226800,1285600,55100,886100,5
CAR0866,Volkswagen,Virtus,Sedan,2025,Electric,Manual,0,456.3,Black,Pune,2026-04-10,Rahul,Fleet,Cash,2,1902000,138200,3527600,1821800,53000,1652800,5
CAR0867,Toyota,Camry,Sedan,2025,CNG,Automatic,2487,18.5,Silver,Mangaluru,2025-08-03,Anjali,Individual,Bank Transfer,1,5151000,120400,5030600,2354100,120100,2556400,2
CAR0868,Hyundai,i20,Hatchback,2025,Petrol,Automatic,1197,19.8,Grey,Bengaluru,2025-01-11,Arun,Corporate,Cash,3,1186000,43000,3429000,2037900,115100,1276000,5
CAR0869,Mahindra,XUV700,SUV,2024,Petrol,Automatic,1997,14.6,Red,Coimbatore,2026-07-06,Akhil,Fleet,UPI,1,2698000,137900,2560100,1542100,111300,906700,2
CAR0870,Toyota,Fortuner,SUV,2026,Petrol,Manual,2755,14.4,White,Thrissur,2025-04-07,Sneha,Corporate,Finance,4,5165000,173600,19965600,12804800,580600,6580200,5
CAR0871,Skoda,Slavia,Sedan,2025,Petrol,Manual,1498,19.4,Blue,Chennai,2025-03-12,Priya,Fleet,Cash,2,1859000,109300,3499400,1761800,149600,1588000,4
CAR0872,Maruti Suzuki,Swift,Hatchback,2025,Electric,Automatic,0,302.2,Silver,Mangaluru,2025-06-16,Meera,Individual,Bank Transfer,1,1079000,35800,1043200,618100,20500,404600,5
CAR0873,Hyundai,Verna,Sedan,2023,Diesel,Manual,1497,20.2,Silver,Kozhikode,2025-08-17,Rahul,Fleet,Cash,3,1751000,89000,4986000,2522700,181600,2281700,2
CAR0874,Maruti Suzuki,Baleno,Hatchback,2024,Petrol,Automatic,1197,22.7,Grey,Bengaluru,2025-01-22,Anjali,Fleet,UPI,3,1183000,20600,3487200,2073600,81500,1332100,2
CAR0875,Toyota,Camry,Sedan,2024,CNG,Manual,2487,19.0,Black,Thiruvananthapuram,2025-01-25,Meera,Fleet,Finance,2,4570000,105500,8929000,4798200,310700,3820100,4
CAR0876,Toyota,Camry,Sedan,2026,Diesel,Manual,2487,19.3,Blue,Kochi,2025-08-26,Adarsh,Individual,Cash,2,4611000,89100,9043800,5050800,138700,3854300,2
CAR0877,Hyundai,i20,Hatchback,2025,Petrol,Manual,1197,19.5,Silver,Thrissur,2026-05-07,Rahul,Corporate,Cash,2,1160000,50200,2219600,1383000,39900,796700,3
CAR0878,Kia,Seltos,SUV,2024,Petrol,Manual,1497,17.7,Blue,Kozhikode,2025-09-10,Neha,Individual,UPI,4,2009000,71000,7752000,3657600,177300,3917100,2
CAR0879,Honda,City,Sedan,2023,CNG,Manual,1498,17.6,Grey,Kozhikode,2026-05-06,Akhil,Corporate,UPI,4,1752000,110200,6567200,3440800,216500,2909900,2
CAR0880,Skoda,Slavia,Sedan,2023,Petrol,Manual,1498,19.1,Grey,Kochi,2026-01-14,Meera,Corporate,Finance,3,1841000,78300,5288100,2755800,224800,2307500,4
CAR0881,Kia,Seltos,SUV,2025,Diesel,Manual,1497,17.6,Grey,Chennai,2025-12-17,Neha,Fleet,Bank Transfer,1,1853000,53300,1799700,918800,42600,838300,4
CAR0882,Hyundai,Verna,Sedan,2025,CNG,Manual,1497,20.7,Silver,Hyderabad,2026-02-26,Neha,Individual,Finance,3,1612000,63900,4644300,2565000,176700,1902600,3
CAR0883,Kia,Sonet,SUV,2025,Diesel,Manual,1197,18.9,White,Delhi,2025-10-26,Sneha,Fleet,UPI,2,1405000,91700,2626600,1432200,53800,1140600,4
CAR0884,Honda,City,Sedan,2025,CNG,Automatic,1498,18.7,Blue,Kannur,2025-05-30,Sneha,Corporate,Cash,3,1742000,48200,5081400,2799000,200200,2082200,2
CAR0885,Hyundai,i20,Hatchback,2026,Electric,Automatic,0,530.4,Blue,Mumbai,2026-03-07,Akhil,Individual,UPI,2,1173000,92300,2161400,1404000,64200,693200,5
CAR0886,Tata,Punch,SUV,2024,Diesel,Manual,1199,18.0,White,Mangaluru,2025-03-13,Arun,Fleet,UPI,3,1003000,47600,2866200,1857900,51200,957100,3
CAR0887,Volkswagen,Virtus,Sedan,2023,Petrol,Automatic,1498,17.6,Silver,Bengaluru,2025-09-04,Arun,Corporate,Bank Transfer,2,1748000,91300,3313400,1928800,141900,1242700,3
CAR0888,Kia,Sonet,SUV,2025,Diesel,Automatic,1197,17.5,Black,Hyderabad,2026-09-24,Anjali,Corporate,UPI,1,1557000,25500,1531500,709800,67900,753800,2
CAR0889,Hyundai,Verna,Sedan,2026,Diesel,Manual,1497,19.0,Black,Thrissur,2025-10-14,Sneha,Corporate,UPI,1,1552000,88400,1463600,836000,59800,567800,3
CAR0890,Maruti Suzuki,Swift,Hatchback,2026,Electric,Automatic,0,463.7,Black,Delhi,2026-01-29,Arun,Corporate,Finance,4,1038000,66000,3888000,2497200,136900,1253900,4
CAR0891,Mahindra,XUV700,SUV,2025,Electric,Manual,0,501.5,Silver,Kozhikode,2025-03-21,Sneha,Corporate,Bank Transfer,4,2602000,99600,10009600,5770800,256200,3982600,4
CAR0892,Honda,City,Sedan,2025,Electric,Manual,0,538.2,Grey,Delhi,2025-03-08,Meera,Individual,UPI,4,1768000,20400,6990400,3589600,180300,3220500,5
CAR0893,Honda,Amaze,Sedan,2023,CNG,Automatic,1199,18.3,Silver,Kollam,2026-05-06,Neha,Individual,Cash,2,1108000,77300,2061400,1305800,68000,687600,5
CAR0894,Toyota,Fortuner,SUV,2026,Petrol,Manual,2755,14.8,White,Mumbai,2026-07-21,Rahul,Individual,UPI,1,5070000,237100,4832900,3089600,94100,1649200,4
CAR0895,Hyundai,Verna,Sedan,2025,Diesel,Manual,1497,19.6,White,Mumbai,2025-02-23,Anjali,Individual,Bank Transfer,2,1618000,69400,3097200,1670000,62100,1365100,2
CAR0896,Maruti Suzuki,Swift,Hatchback,2024,Diesel,Automatic,1197,22.5,Blue,Coimbatore,2026-01-13,Adarsh,Individual,Finance,2,1058000,79600,1956800,1254000,29900,672900,2
CAR0897,Kia,Seltos,SUV,2026,Electric,Manual,0,290.5,Red,Kozhikode,2025-05-16,Anjali,Individual,UPI,2,2015000,137800,3754400,1895000,87800,1771600,3
CAR0898,Hyundai,Verna,Sedan,2024,Petrol,Automatic,1497,18.6,Black,Kochi,2025-10-22,Adarsh,Fleet,UPI,4,1673000,74100,6395600,3452400,201500,2741700,5
CAR0899,Tata,Harrier,SUV,2026,Electric,Automatic,0,475.5,Black,Hyderabad,2026-05-27,Akhil,Corporate,Cash,2,2526000,61800,4928400,2800000,128300,2000100,5
CAR0900,Honda,City,Sedan,2024,Petrol,Manual,1498,17.4,White,Thrissur,2026-03-22,Rahul,Corporate,UPI,2,1705000,87500,3235000,1828600,62100,1344300,3
CAR0901,Toyota,Innova Crysta,SUV,2026,Electric,Automatic,0,325.9,Red,Delhi,2026-04-22,Neha,Individual,Cash,3,4148000,176000,11916000,7656300,197100,4062600,4
CAR0902,Toyota,Fortuner,SUV,2025,Electric,Automatic,0,516.1,White,Mumbai,2025-10-29,Neha,Corporate,Cash,3,5486000,266700,15657900,9063000,695800,5899100,4
CAR0903,Hyundai,Creta,SUV,2024,Diesel,Manual,1497,16.9,Black,Delhi,2026-07-30,Priya,Corporate,UPI,3,1802000,82300,5159100,3009300,134800,2015000,4
CAR0904,Mahindra,Thar,SUV,2024,CNG,Manual,2184,14.8,Blue,Mumbai,2025-05-07,Akhil,Fleet,Cash,4,2197000,88600,8433600,4758800,295100,3379700,3
CAR0905,Tata,Punch,SUV,2025,Electric,Automatic,0,469.4,Black,Kozhikode,2025-07-21,Akhil,Individual,Bank Transfer,1,1078000,31600,1046400,625300,17100,404000,3
CAR0906,Volkswagen,Virtus,Sedan,2024,Diesel,Automatic,1498,17.8,Black,Kochi,2025-03-09,Anjali,Corporate,Bank Transfer,2,1908000,54500,3707000,1877800,63000,1766200,5
CAR0907,Toyota,Camry,Sedan,2025,CNG,Automatic,2487,19.4,Red,Kollam,2026-08-14,Sneha,Fleet,Finance,3,4936000,162200,14321400,7166700,507800,6646900,3
CAR0908,Toyota,Innova Crysta,SUV,2025,CNG,Automatic,2398,15.7,Red,Delhi,2026-02-19,Sneha,Individual,Bank Transfer,1,4186000,129900,4056100,2668400,73800,1313900,3
CAR0909,Mahindra,Thar,SUV,2026,Petrol,Automatic,2184,15.6,Red,Delhi,2026-02-14,Arun,Fleet,Cash,4,2141000,66200,8299200,4628400,279600,3391200,4
CAR0910,Honda,Amaze,Sedan,2025,Electric,Automatic,0,296.2,White,Kannur,2026-01-15,Akhil,Corporate,Bank Transfer,1,1131000,49800,1081200,675900,46300,359000,5
CAR0911,Hyundai,Verna,Sedan,2024,Diesel,Automatic,1497,19.2,Blue,Bengaluru,2025-03-26,Arun,Corporate,Cash,1,1570000,103200,1466800,799700,45800,621300,3
CAR0912,Toyota,Innova Crysta,SUV,2025,Petrol,Automatic,2398,15.3,Grey,Pune,2026-01-01,Priya,Fleet,Cash,1,3688000,267400,3420600,2529800,55300,835500,2
CAR0913,Toyota,Innova Crysta,SUV,2026,Diesel,Automatic,2398,16.6,Red,Thiruvananthapuram,2025-10-01,Rahul,Individual,UPI,3,4002000,187400,11443800,7980900,269300,3193600,4
CAR0914,Kia,Seltos,SUV,2023,Diesel,Manual,1497,18.1,Red,Mangaluru,2025-12-13,Sneha,Corporate,UPI,2,1971000,131500,3679000,1854200,111300,1713500,5
CAR0915,Tata,Nexon,SUV,2025,Diesel,Manual,1199,16.9,Grey,Kozhikode,2025-02-07,Vishnu,Individual,Bank Transfer,1,1375000,98000,1277000,716100,57400,503500,2
CAR0916,Tata,Punch,SUV,2025,Diesel,Automatic,1199,19.4,Red,Thiruvananthapuram,2026-07-20,Neha,Individual,UPI,3,1125000,27800,3291600,1925400,52700,1313500,3
CAR0917,Toyota,Camry,Sedan,2023,CNG,Automatic,2487,18.8,Red,Pune,2026-02-12,Arun,Fleet,Finance,3,4814000,323000,13473000,7608900,488000,5376100,3
CAR0918,Maruti Suzuki,Brezza,SUV,2026,Electric,Automatic,0,278.0,Black,Kochi,2025-05-24,Arun,Individual,UPI,2,1568000,70100,2995800,1645200,63100,1287500,2
CAR0919,Tata,Harrier,SUV,2025,CNG,Manual,1956,16.5,Red,Coimbatore,2026-05-29,Adarsh,Fleet,Finance,2,2327000,77400,4499200,2816400,166900,1515900,5
CAR0920,Volkswagen,Virtus,Sedan,2025,Diesel,Manual,1498,17.9,Red,Delhi,2026-08-29,Akhil,Corporate,Cash,3,1828000,115000,5139000,2691600,128400,2319000,5
CAR0921,Mahindra,Thar,SUV,2026,Diesel,Manual,2184,16.0,Red,Kollam,2025-11-04,Sneha,Individual,Bank Transfer,1,2214000,125700,2088300,1197500,56100,834700,2
CAR0922,Mahindra,Thar,SUV,2024,Petrol,Manual,2184,15.1,Silver,Hyderabad,2026-07-14,Priya,Corporate,Cash,4,1979000,140100,7355600,4863600,279500,2212500,5
CAR0923,Hyundai,Creta,SUV,2025,CNG,Manual,1497,18.6,Red,Hyderabad,2025-12-03,Arun,Fleet,Bank Transfer,2,1931000,46400,3769200,2017000,65500,1686700,5
CAR0924,Maruti Suzuki,Swift,Hatchback,2024,CNG,Automatic,1197,21.5,Grey,Kollam,2026-03-02,Anjali,Corporate,Finance,2,1174000,28500,2291000,1243400,41100,1006500,2
CAR0925,Maruti Suzuki,Baleno,Hatchback,2026,Petrol,Manual,1197,24.1,Silver,Kozhikode,2025-04-27,Priya,Fleet,Cash,4,1135000,51100,4335600,2866000,134600,1335000,5
CAR0926,Hyundai,i20,Hatchback,2026,CNG,Automatic,1197,20.7,Black,Bengaluru,2025-07-13,Rahul,Individual,Cash,3,1250000,92200,3473400,2104200,153100,1216100,3
CAR0927,Tata,Punch,SUV,2024,Diesel,Automatic,1199,18.9,White,Kannur,2026-02-03,Sneha,Individual,UPI,4,1002000,46000,3824000,2655200,81700,1087100,2
CAR0928,Mahindra,XUV700,SUV,2025,Electric,Automatic,0,366.2,Black,Kochi,2025-02-07,Arun,Corporate,Finance,4,2609000,130400,9914400,5650400,346400,3917600,5
CAR0929,Tata,Punch,SUV,2026,Petrol,Manual,1199,18.1,Blue,Hyderabad,2026-07-29,Neha,Corporate,Cash,1,1074000,46300,1027700,647000,32400,348300,2
CAR0930,Hyundai,Verna,Sedan,2024,Electric,Manual,0,338.0,White,Kollam,2025-05-21,Meera,Individual,Finance,3,1739000,139000,4800000,2468700,194400,2136900,2
CAR0931,Tata,Nexon,SUV,2025,Electric,Automatic,0,256.8,Silver,Kozhikode,2025-04-06,Neha,Individual,Finance,2,1552000,81000,2942000,1537800,76100,1328100,4
CAR0932,Maruti Suzuki,Swift,Hatchback,2024,Diesel,Manual,1197,22.6,Black,Kochi,2025-10-11,Anjali,Fleet,Finance,3,1164000,56500,3322500,1938600,135500,1248400,4
CAR0933,Honda,City,Sedan,2026,Petrol,Automatic,1498,17.4,White,Pune,2025-12-08,Arun,Individual,Cash,3,1774000,34700,5217900,2563500,226100,2428300,5
CAR0934,Mahindra,XUV700,SUV,2026,Electric,Automatic,0,412.6,Black,Mumbai,2026-07-29,Sneha,Individual,Cash,2,2569000,56000,5026000,3014600,161200,1850200,5
CAR0935,Maruti Suzuki,Baleno,Hatchback,2024,Diesel,Manual,1197,24.2,Grey,Hyderabad,2025-10-07,Neha,Corporate,Bank Transfer,2,1160000,30900,2258200,1376200,75400,806600,4
CAR0936,Maruti Suzuki,Baleno,Hatchback,2025,Electric,Automatic,0,523.2,Silver,Thrissur,2026-09-24,Vishnu,Individual,UPI,1,1195000,33300,1161700,700400,17500,443800,3
CAR0937,Maruti Suzuki,Baleno,Hatchback,2025,Petrol,Manual,1197,24.2,Black,Delhi,2025-02-11,Anjali,Individual,Bank Transfer,2,1242000,77200,2329600,1418400,82800,828400,4
CAR0938,Volkswagen,Virtus,Sedan,2023,Diesel,Manual,1498,18.5,Red,Thiruvananthapuram,2025-12-16,Akhil,Corporate,Finance,2,1805000,36600,3536800,1909200,66100,1561500,5
CAR0939,Kia,Seltos,SUV,2025,Electric,Manual,0,448.9,Black,Bengaluru,2025-12-28,Vishnu,Corporate,UPI,2,2017000,141300,3751400,1911800,111400,1728200,2
CAR0940,Toyota,Innova Crysta,SUV,2025,Diesel,Manual,2398,15.2,Grey,Chennai,2026-06-21,Meera,Individual,UPI,3,3777000,67000,11130000,7556100,261600,3312300,2
CAR0941,Kia,Seltos,SUV,2023,Electric,Manual,0,354.4,Red,Thrissur,2025-10-10,Meera,Individual,Cash,4,2042000,59000,7932000,3754400,223200,3954400,3
CAR0942,Honda,City,Sedan,2024,Diesel,Automatic,1498,17.0,Blue,Kollam,2025-04-12,Vishnu,Individual,Cash,3,1803000,83200,5159400,2621700,139900,2397800,3
CAR0943,Hyundai,i20,Hatchback,2026,Diesel,Manual,1197,20.3,Black,Kochi,2025-12-02,Vishnu,Corporate,UPI,4,1223000,12400,4842400,2686000,88400,2068000,4
CAR0944,Volkswagen,Virtus,Sedan,2024,Electric,Automatic,0,451.0,White,Bengaluru,2026-04-29,Sneha,Individual,Finance,2,1916000,62700,3706600,1949000,95300,1662300,5
CAR0945,Honda,Amaze,Sedan,2026,Petrol,Manual,1199,19.0,Blue,Kozhikode,2025-08-25,Rahul,Individual,Cash,4,1221000,29700,4765200,2551200,213900,2000100,5
CAR0946,Hyundai,Verna,Sedan,2025,Diesel,Manual,1497,19.3,Silver,Kochi,2026-08-25,Sneha,Individual,Cash,4,1579000,46800,6128800,3396000,174600,2558200,4
CAR0947,Skoda,Slavia,Sedan,2024,CNG,Manual,1498,19.7,White,Chennai,2025-10-11,Anjali,Individual,UPI,2,1909000,112100,3593800,1693200,144700,1755900,4
CAR0948,Toyota,Camry,Sedan,2025,Diesel,Automatic,2487,20.1,White,Bengaluru,2025-12-24,Sneha,Fleet,Cash,3,5018000,245600,14317200,7173300,532100,6611800,4
CAR0949,Maruti Suzuki,Brezza,SUV,2026,Diesel,Manual,1462,20.4,Black,Mangaluru,2025-08-03,Sneha,Individual,Cash,2,1486000,62800,2846400,1710400,62000,1074000,2
CAR0950,Tata,Harrier,SUV,2025,CNG,Automatic,1956,17.5,Black,Delhi,2025-03-06,Anjali,Fleet,UPI,2,2415000,25400,4779200,2736800,148100,1894300,2
CAR0951,Maruti Suzuki,Brezza,SUV,2024,Diesel,Automatic,1462,19.6,Black,Delhi,2025-06-20,Rahul,Fleet,Finance,3,1612000,96700,4545900,2622300,140600,1783000,5
CAR0952,Skoda,Slavia,Sedan,2025,Diesel,Automatic,1498,20.0,Black,Mumbai,2026-04-01,Vishnu,Individual,Bank Transfer,3,1821000,95500,5176500,2788200,201600,2186700,5
CAR0953,Honda,City,Sedan,2026,Electric,Manual,0,528.2,Grey,Kozhikode,2025-02-25,Adarsh,Corporate,Bank Transfer,2,1773000,83900,3378200,1846200,107400,1424600,2
CAR0954,Maruti Suzuki,Brezza,SUV,2025,Diesel,Manual,1462,20.5,White,Hyderabad,2026-09-14,Adarsh,Corporate,Finance,1,1509000,73400,1435600,827800,44700,563100,4
CAR0955,Maruti Suzuki,Baleno,Hatchback,2026,Petrol,Manual,1197,22.7,Black,Coimbatore,2025-08-14,Meera,Fleet,Cash,1,1164000,62600,1101400,663000,40300,398100,4
CAR0956,Maruti Suzuki,Brezza,SUV,2025,CNG,Manual,1462,18.7,White,Coimbatore,2025-01-25,Meera,Individual,Cash,1,1475000,31800,1443200,862100,49200,531900,3
CAR0957,Maruti Suzuki,Swift,Hatchback,2025,CNG,Manual,1197,21.2,Grey,Kozhikode,2025-12-28,Anjali,Corporate,Finance,3,1092000,19700,3216900,2011200,110600,1095100,3
CAR0958,Kia,Sonet,SUV,2026,Electric,Manual,0,336.2,Black,Kozhikode,2025-10-23,Vishnu,Individual,Cash,1,1427000,61100,1365900,693500,39600,632800,2
CAR0959,Hyundai,Verna,Sedan,2025,CNG,Automatic,1497,18.6,Blue,Kozhikode,2026-02-19,Arun,Individual,Finance,4,1681000,44600,6545600,3246800,151100,3147700,4
CAR0960,Tata,Harrier,SUV,2024,Diesel,Automatic,1956,17.4,Grey,Kochi,2026-07-20,Arun,Fleet,UPI,1,2466000,33800,2432200,1345100,66400,1020700,4
CAR0961,Skoda,Slavia,Sedan,2026,Diesel,Manual,1498,18.1,Silver,Coimbatore,2025-02-18,Vishnu,Fleet,Cash,1,1963000,54400,1908600,893600,79600,935400,4
CAR0962,Maruti Suzuki,Brezza,SUV,2025,Electric,Manual,0,399.5,Blue,Thrissur,2026-01-23,Priya,Individual,Bank Transfer,2,1572000,22800,3098400,1643600,60900,1393900,5
CAR0963,Tata,Nexon,SUV,2025,CNG,Manual,1199,17.2,White,Thrissur,2026-03-06,Meera,Corporate,Finance,2,1438000,87400,2701200,1489200,57800,1154200,2
CAR0964,Toyota,Fortuner,SUV,2026,CNG,Automatic,2755,15.2,Black,Kannur,2026-01-18,Adarsh,Fleet,Finance,3,5519000,71500,16342500,9411000,357400,6574100,4
CAR0965,Maruti Suzuki,Brezza,SUV,2024,Petrol,Automatic,1462,20.2,Red,Kollam,2026-02-26,Neha,Individual,Bank Transfer,3,1644000,75500,4705500,2641800,145500,1918200,2
CAR0966,Hyundai,Verna,Sedan,2025,Diesel,Automatic,1497,20.4,Silver,Delhi,2025-05-18,Sneha,Corporate,Cash,4,1692000,99500,6370000,3425200,160500,2784300,4
CAR0967,Hyundai,Creta,SUV,2026,Diesel,Automatic,1497,19.0,Black,Mangaluru,2026-06-23,Anjali,Individual,Cash,3,1942000,139500,5407500,2856600,199300,2351600,2
CAR0968,Skoda,Slavia,Sedan,2025,Electric,Manual,0,466.4,Blue,Kochi,2026-09-14,Sneha,Individual,UPI,2,1801000,29500,3543000,1814200,105500,1623300,4
CAR0969,Toyota,Fortuner,SUV,2026,Petrol,Manual,2755,14.8,Blue,Coimbatore,2026-06-02,Arun,Fleet,UPI,4,5440000,179100,21043600,12530400,607100,7906100,2
CAR0970,Maruti Suzuki,Brezza,SUV,2024,Petrol,Manual,1462,21.0,Blue,Thiruvananthapuram,2025-12-09,Meera,Individual,UPI,4,1481000,28100,5811600,3399200,248300,2164100,4
CAR0971,Mahindra,XUV700,SUV,2024,CNG,Manual,1997,15.6,Grey,Bengaluru,2025-01-04,Anjali,Individual,Finance,2,2686000,141500,5089000,2923800,211600,1953600,2
CAR0972,Kia,Seltos,SUV,2025,CNG,Automatic,1497,16.9,Black,Thrissur,2026-02-11,Sneha,Individual,Bank Transfer,4,1877000,22200,7419200,3624800,333200,3461200,3
CAR0973,Skoda,Slavia,Sedan,2025,Diesel,Automatic,1498,18.0,Silver,Kannur,2025-12-12,Adarsh,Fleet,Finance,4,1759000,49000,6840000,3397200,255700,3187100,3
CAR0974,Kia,Sonet,SUV,2025,Petrol,Manual,1197,18.9,Silver,Thrissur,2026-05-20,Akhil,Individual,Cash,4,1450000,112600,5349600,2840400,163600,2345600,3
CAR0975,Toyota,Innova Crysta,SUV,2026,Diesel,Manual,2398,16.7,Blue,Thrissur,2026-01-05,Anjali,Corporate,Bank Transfer,4,3883000,203900,14716400,10626800,557500,3532100,5
CAR0976,Tata,Punch,SUV,2026,Diesel,Manual,1199,18.0,Black,Kollam,2025-12-15,Akhil,Individual,UPI,3,995000,39900,2865300,1940400,80500,844400,5
CAR0977,Kia,Sonet,SUV,2025,Diesel,Automatic,1197,18.5,Silver,Delhi,2025-02-11,Vishnu,Corporate,Bank Transfer,1,1412000,102700,1309300,658300,40400,610600,4
CAR0978,Hyundai,Verna,Sedan,2025,Diesel,Manual,1497,19.4,Black,Pune,2026-01-19,Priya,Fleet,Cash,1,1563000,88600,1474400,837400,52800,584200,4
CAR0979,Volkswagen,Virtus,Sedan,2025,CNG,Manual,1498,17.5,White,Delhi,2026-04-09,Vishnu,Fleet,UPI,3,1839000,39700,5397900,2894400,195300,2308200,5
CAR0980,Kia,Sonet,SUV,2025,Electric,Automatic,0,276.9,Black,Hyderabad,2026-01-10,Priya,Corporate,Cash,4,1492000,74300,5670800,2673200,181200,2816400,4
CAR0981,Skoda,Slavia,Sedan,2026,Diesel,Manual,1498,20.0,White,Kozhikode,2025-08-17,Adarsh,Individual,UPI,3,1941000,124900,5448300,2654100,173900,2620300,2
CAR0982,Mahindra,XUV700,SUV,2024,Petrol,Automatic,1997,14.9,White,Pune,2026-03-29,Priya,Fleet,Bank Transfer,2,2821000,89300,5463400,3103000,200700,2159700,4
CAR0983,Tata,Harrier,SUV,2025,Diesel,Manual,1956,17.1,Silver,Mangaluru,2025-01-04,Arun,Fleet,UPI,3,2579000,186000,7179000,3997500,138400,3043100,4
CAR0984,Kia,Sonet,SUV,2026,Diesel,Automatic,1197,18.0,Blue,Pune,2025-05-31,Sneha,Corporate,UPI,4,1497000,24800,5888800,2786000,189500,2913300,2
CAR0985,Toyota,Innova Crysta,SUV,2025,Electric,Manual,0,279.5,Black,Coimbatore,2026-06-26,Adarsh,Individual,Finance,3,3978000,312800,10995600,7917300,248000,2830300,5
CAR0986,Maruti Suzuki,Baleno,Hatchback,2024,CNG,Automatic,1197,23.9,Grey,Kochi,2025-01-31,Anjali,Corporate,UPI,2,1158000,29700,2256600,1317000,91500,848100,5
CAR0987,Toyota,Fortuner,SUV,2024,Electric,Manual,0,401.2,White,Pune,2025-07-17,Anjali,Corporate,Cash,3,5488000,371200,15350400,9048600,665600,5636200,4
CAR0988,Tata,Nexon,SUV,2025,Petrol,Automatic,1199,18.1,White,Chennai,2026-02-22,Arun,Fleet,UPI,2,1538000,71600,2932800,1540800,127500,1264500,3
CAR0989,Tata,Harrier,SUV,2024,CNG,Automatic,1956,16.3,Red,Chennai,2026-09-06,Rahul,Fleet,UPI,3,2387000,33600,7060200,4344000,293400,2422800,5
CAR0990,Skoda,Slavia,Sedan,2024,Petrol,Manual,1498,19.1,Grey,Mangaluru,2026-05-19,Arun,Fleet,Cash,4,1978000,147600,7321600,3737600,234000,3350000,4
CAR0991,Honda,City,Sedan,2026,CNG,Manual,1498,16.9,Black,Thrissur,2026-04-10,Akhil,Individual,Bank Transfer,2,1619000,31200,3175600,1859600,81700,1234300,4
CAR0992,Maruti Suzuki,Swift,Hatchback,2025,Petrol,Manual,1197,22.3,Black,Pune,2025-04-15,Meera,Individual,Finance,1,1127000,11300,1115700,618300,41900,455500,3
CAR0993,Mahindra,XUV700,SUV,2025,CNG,Manual,1997,14.8,Black,Chennai,2025-03-18,Rahul,Fleet,Finance,3,2654000,136600,7552200,4556700,151500,2844000,2
CAR0994,Honda,City,Sedan,2024,Petrol,Manual,1498,18.8,Red,Kollam,2025-10-19,Meera,Corporate,Cash,1,1654000,40300,1613700,868500,29100,716100,3
CAR0995,Mahindra,XUV700,SUV,2025,Diesel,Manual,1997,15.7,White,Mangaluru,2025-06-15,Adarsh,Individual,Bank Transfer,1,2870000,208400,2661600,1498300,106000,1057300,4
CAR0996,Honda,Amaze,Sedan,2024,CNG,Automatic,1199,19.1,Grey,Pune,2026-09-14,Adarsh,Fleet,Bank Transfer,4,1119000,44600,4297600,2658800,177200,1461600,2
CAR0997,Maruti Suzuki,Brezza,SUV,2025,CNG,Automatic,1462,19.6,Black,Mumbai,2026-04-06,Meera,Corporate,Cash,1,1564000,92600,1471400,845300,50200,575900,5
CAR0998,Toyota,Fortuner,SUV,2025,Electric,Automatic,0,320.8,Blue,Coimbatore,2025-05-31,Neha,Individual,Bank Transfer,1,5154000,52400,5101600,3181000,89400,1831200,3
CAR0999,Tata,Punch,SUV,2025,Petrol,Automatic,1199,20.0,White,Coimbatore,2025-12-10,Priya,Individual,Bank Transfer,4,1125000,65300,4238800,2549200,82700,1606900,2
CAR1000,Maruti Suzuki,Baleno,Hatchback,2024,Electric,Manual,0,540.7,Blue,Mumbai,2026-07-02,Arun,Individual,Bank Transfer,3,1119000,60000,3177000,2087700,122300,967000,3
